file,line,type,commit,author,date,time,timezone,datetime,depth,length
style.css,1,css,fb908dd7,ikrvb1,2025-01-25,11:04:24,-08:00,2025-01-25T11:04:24-08:00,0,6
style.css,2,css,c75d4847,ikrvb1,2025-01-25,23:21:45,-08:00,2025-01-25T23:21:45-08:00,0,42
style.css,3,css,c75d4847,ikrvb1,2025-01-25,23:21:45,-08:00,2025-01-25T23:21:45-08:00,0,0
style.css,4,css,c75d4847,ikrvb1,2025-01-25,23:21:45,-08:00,2025-01-25T23:21:45-08:00,0,0
style.css,5,css,c75d4847,ikrvb1,2025-01-25,23:21:45,-08:00,2025-01-25T23:21:45-08:00,0,5
style.css,6,css,c75d4847,ikrvb1,2025-01-25,23:21:45,-08:00,2025-01-25T23:21:45-08:00,0,24
style.css,7,css,fb908dd7,ikrvb1,2025-01-25,11:04:24,-08:00,2025-01-25T11:04:24-08:00,0,0
style.css,8,css,fb908dd7,ikrvb1,2025-01-25,11:04:24,-08:00,2025-01-25T11:04:24-08:00,0,0
style.css,9,css,a7a07fb5,ikrvb1,2025-01-11,13:59:36,-08:00,2025-01-11T13:59:36-08:00,0,5
style.css,10,css,fb908dd7,ikrvb1,2025-01-25,11:04:24,-08:00,2025-01-25T11:04:24-08:00,0,24
style.css,11,css,fb908dd7,ikrvb1,2025-01-25,11:04:24,-08:00,2025-01-25T11:04:24-08:00,0,16
style.css,12,css,fb908dd7,ikrvb1,2025-01-25,11:04:24,-08:00,2025-01-25T11:04:24-08:00,0,43
style.css,13,css,fb908dd7,ikrvb1,2025-01-25,11:04:24,-08:00,2025-01-25T11:04:24-08:00,0,0
style.css,14,css,fb908dd7,ikrvb1,2025-01-25,11:04:24,-08:00,2025-01-25T11:04:24-08:00,0,0
style.css,15,css,fb908dd7,ikrvb1,2025-01-25,11:04:24,-08:00,2025-01-25T11:04:24-08:00,0,4
style.css,16,css,fb908dd7,ikrvb1,2025-01-25,11:04:24,-08:00,2025-01-25T11:04:24-08:00,0,13
style.css,17,css,fb908dd7,ikrvb1,2025-01-25,11:04:24,-08:00,2025-01-25T11:04:24-08:00,0,18
style.css,18,css,fb908dd7,ikrvb1,2025-01-25,11:04:24,-08:00,2025-01-25T11:04:24-08:00,0,14
style.css,19,css,fb908dd7,ikrvb1,2025-01-25,11:04:24,-08:00,2025-01-25T11:04:24-08:00,0,18
style.css,20,css,c75d4847,ikrvb1,2025-01-25,23:21:45,-08:00,2025-01-25T23:21:45-08:00,0,24
style.css,21,css,c75d4847,ikrvb1,2025-01-25,23:21:45,-08:00,2025-01-25T23:21:45-08:00,0,38
style.css,22,css,fb908dd7,ikrvb1,2025-01-25,11:04:24,-08:00,2025-01-25T11:04:24-08:00,0,0
style.css,23,css,fb908dd7,ikrvb1,2025-01-25,11:04:24,-08:00,2025-01-25T11:04:24-08:00,0,0
style.css,24,css,fb908dd7,ikrvb1,2025-01-25,11:04:24,-08:00,2025-01-25T11:04:24-08:00,0,6
style.css,25,css,fb908dd7,ikrvb1,2025-01-25,11:04:24,-08:00,2025-01-25T11:04:24-08:00,0,7
style.css,26,css,fb908dd7,ikrvb1,2025-01-25,11:04:24,-08:00,2025-01-25T11:04:24-08:00,0,21
style.css,27,css,fb908dd7,ikrvb1,2025-01-25,11:04:24,-08:00,2025-01-25T11:04:24-08:00,0,14
style.css,28,css,fb908dd7,ikrvb1,2025-01-25,11:04:24,-08:00,2025-01-25T11:04:24-08:00,0,0
style.css,29,css,fb908dd7,ikrvb1,2025-01-25,11:04:24,-08:00,2025-01-25T11:04:24-08:00,0,0
style.css,30,css,fb908dd7,ikrvb1,2025-01-25,11:04:24,-08:00,2025-01-25T11:04:24-08:00,0,14
style.css,31,css,fb908dd7,ikrvb1,2025-01-25,11:04:24,-08:00,2025-01-25T11:04:24-08:00,0,44
style.css,32,css,fb908dd7,ikrvb1,2025-01-25,11:04:24,-08:00,2025-01-25T11:04:24-08:00,0,21
style.css,33,css,fb908dd7,ikrvb1,2025-01-25,11:04:24,-08:00,2025-01-25T11:04:24-08:00,0,19
style.css,34,css,fb908dd7,ikrvb1,2025-01-25,11:04:24,-08:00,2025-01-25T11:04:24-08:00,0,0
style.css,35,css,fb908dd7,ikrvb1,2025-01-25,11:04:24,-08:00,2025-01-25T11:04:24-08:00,0,0
style.css,36,css,fb908dd7,ikrvb1,2025-01-25,11:04:24,-08:00,2025-01-25T11:04:24-08:00,0,12
style.css,37,css,fb908dd7,ikrvb1,2025-01-25,11:04:24,-08:00,2025-01-25T11:04:24-08:00,0,46
style.css,38,css,c75d4847,ikrvb1,2025-01-25,23:21:45,-08:00,2025-01-25T23:21:45-08:00,0,70
style.css,39,css,fb908dd7,ikrvb1,2025-01-25,11:04:24,-08:00,2025-01-25T11:04:24-08:00,0,21
style.css,40,css,fb908dd7,ikrvb1,2025-01-25,11:04:24,-08:00,2025-01-25T11:04:24-08:00,0,19
style.css,41,css,fb908dd7,ikrvb1,2025-01-25,11:04:24,-08:00,2025-01-25T11:04:24-08:00,0,0
style.css,42,css,9b5708bb,ikrvb1,2025-01-25,11:29:49,-08:00,2025-01-25T11:29:49-08:00,0,0
style.css,43,css,9b5708bb,ikrvb1,2025-01-25,11:29:49,-08:00,2025-01-25T11:29:49-08:00,0,5
style.css,44,css,9b5708bb,ikrvb1,2025-01-25,11:29:49,-08:00,2025-01-25T11:29:49-08:00,0,13
style.css,45,css,9b5708bb,ikrvb1,2025-01-25,11:29:49,-08:00,2025-01-25T11:29:49-08:00,0,31
style.css,46,css,9b5708bb,ikrvb1,2025-01-25,11:29:49,-08:00,2025-01-25T11:29:49-08:00,0,8
style.css,47,css,9b5708bb,ikrvb1,2025-01-25,11:29:49,-08:00,2025-01-25T11:29:49-08:00,0,0
style.css,48,css,9b5708bb,ikrvb1,2025-01-25,11:29:49,-08:00,2025-01-25T11:29:49-08:00,0,0
style.css,49,css,9b5708bb,ikrvb1,2025-01-25,11:29:49,-08:00,2025-01-25T11:29:49-08:00,0,39
style.css,50,css,9b5708bb,ikrvb1,2025-01-25,11:29:49,-08:00,2025-01-25T11:29:49-08:00,0,13
style.css,51,css,9b5708bb,ikrvb1,2025-01-25,11:29:49,-08:00,2025-01-25T11:29:49-08:00,0,0
style.css,52,css,9b5708bb,ikrvb1,2025-01-25,11:29:49,-08:00,2025-01-25T11:29:49-08:00,0,0
style.css,53,css,9b5708bb,ikrvb1,2025-01-25,11:29:49,-08:00,2025-01-25T11:29:49-08:00,0,11
style.css,54,css,9b5708bb,ikrvb1,2025-01-25,11:29:49,-08:00,2025-01-25T11:29:49-08:00,0,13
style.css,55,css,9b5708bb,ikrvb1,2025-01-25,11:29:49,-08:00,2025-01-25T11:29:49-08:00,0,30
style.css,56,css,9b5708bb,ikrvb1,2025-01-25,11:29:49,-08:00,2025-01-25T11:29:49-08:00,0,19
style.css,57,css,00de7ea8,ikrvb1,2025-01-25,11:52:24,-08:00,2025-01-25T11:52:24-08:00,0,0
style.css,58,css,00de7ea8,ikrvb1,2025-01-25,11:52:24,-08:00,2025-01-25T11:52:24-08:00,0,0
style.css,59,css,00de7ea8,ikrvb1,2025-01-25,11:52:24,-08:00,2025-01-25T11:52:24-08:00,0,10
style.css,60,css,00de7ea8,ikrvb1,2025-01-25,11:52:24,-08:00,2025-01-25T11:52:24-08:00,0,13
style.css,61,css,00de7ea8,ikrvb1,2025-01-25,11:52:24,-08:00,2025-01-25T11:52:24-08:00,0,59
style.css,62,css,00de7ea8,ikrvb1,2025-01-25,11:52:24,-08:00,2025-01-25T11:52:24-08:00,0,8
style.css,63,css,00de7ea8,ikrvb1,2025-01-25,11:52:24,-08:00,2025-01-25T11:52:24-08:00,0,0
style.css,64,css,00de7ea8,ikrvb1,2025-01-25,11:52:24,-08:00,2025-01-25T11:52:24-08:00,0,0
style.css,65,css,00de7ea8,ikrvb1,2025-01-25,11:52:24,-08:00,2025-01-25T11:52:24-08:00,0,8
style.css,66,css,00de7ea8,ikrvb1,2025-01-25,11:52:24,-08:00,2025-01-25T11:52:24-08:00,0,13
style.css,67,css,00de7ea8,ikrvb1,2025-01-25,11:52:24,-08:00,2025-01-25T11:52:24-08:00,0,27
style.css,68,css,00de7ea8,ikrvb1,2025-01-25,11:52:24,-08:00,2025-01-25T11:52:24-08:00,0,16
style.css,69,css,00de7ea8,ikrvb1,2025-01-25,11:52:24,-08:00,2025-01-25T11:52:24-08:00,0,0
style.css,70,css,00de7ea8,ikrvb1,2025-01-25,11:52:24,-08:00,2025-01-25T11:52:24-08:00,0,0
style.css,71,css,00de7ea8,ikrvb1,2025-01-25,11:52:24,-08:00,2025-01-25T11:52:24-08:00,0,3
style.css,72,css,00de7ea8,ikrvb1,2025-01-25,11:52:24,-08:00,2025-01-25T11:52:24-08:00,0,15
style.css,73,css,00de7ea8,ikrvb1,2025-01-25,11:52:24,-08:00,2025-01-25T11:52:24-08:00,0,16
style.css,74,css,00de7ea8,ikrvb1,2025-01-25,11:52:24,-08:00,2025-01-25T11:52:24-08:00,0,18
style.css,75,css,00de7ea8,ikrvb1,2025-01-25,11:52:24,-08:00,2025-01-25T11:52:24-08:00,0,0
style.css,76,css,00de7ea8,ikrvb1,2025-01-25,11:52:24,-08:00,2025-01-25T11:52:24-08:00,0,0
style.css,77,css,00de7ea8,ikrvb1,2025-01-25,11:52:24,-08:00,2025-01-25T11:52:24-08:00,0,3
style.css,78,css,00de7ea8,ikrvb1,2025-01-25,11:52:24,-08:00,2025-01-25T11:52:24-08:00,0,9
style.css,79,css,00de7ea8,ikrvb1,2025-01-25,11:52:24,-08:00,2025-01-25T11:52:24-08:00,0,15
style.css,80,css,00de7ea8,ikrvb1,2025-01-25,11:52:24,-08:00,2025-01-25T11:52:24-08:00,0,16
style.css,81,css,00de7ea8,ikrvb1,2025-01-25,11:52:24,-08:00,2025-01-25T11:52:24-08:00,0,18
style.css,82,css,00de7ea8,ikrvb1,2025-01-25,11:52:24,-08:00,2025-01-25T11:52:24-08:00,0,0
style.css,83,css,00de7ea8,ikrvb1,2025-01-25,11:52:24,-08:00,2025-01-25T11:52:24-08:00,0,0
style.css,84,css,00de7ea8,ikrvb1,2025-01-25,11:52:24,-08:00,2025-01-25T11:52:24-08:00,0,15
style.css,85,css,00de7ea8,ikrvb1,2025-01-25,11:52:24,-08:00,2025-01-25T11:52:24-08:00,0,16
style.css,86,css,00de7ea8,ikrvb1,2025-01-25,11:52:24,-08:00,2025-01-25T11:52:24-08:00,0,18
style.css,87,css,00de7ea8,ikrvb1,2025-01-25,11:52:24,-08:00,2025-01-25T11:52:24-08:00,0,0
style.css,88,css,c7ac71d9,ikrvb1,2025-01-25,12:46:13,-08:00,2025-01-25T12:46:13-08:00,0,0
style.css,89,css,c7ac71d9,ikrvb1,2025-01-25,12:46:13,-08:00,2025-01-25T12:46:13-08:00,0,14
style.css,90,css,c7ac71d9,ikrvb1,2025-01-25,12:46:13,-08:00,2025-01-25T12:46:13-08:00,0,16
style.css,91,css,c7ac71d9,ikrvb1,2025-01-25,12:46:13,-08:00,2025-01-25T12:46:13-08:00,0,10
style.css,92,css,c7ac71d9,ikrvb1,2025-01-25,12:46:13,-08:00,2025-01-25T12:46:13-08:00,0,9
style.css,93,css,c7ac71d9,ikrvb1,2025-01-25,12:46:13,-08:00,2025-01-25T12:46:13-08:00,0,0
style.css,94,css,c7ac71d9,ikrvb1,2025-01-25,12:46:13,-08:00,2025-01-25T12:46:13-08:00,0,0
style.css,95,css,c7ac71d9,ikrvb1,2025-01-25,12:46:13,-08:00,2025-01-25T12:46:13-08:00,0,9
style.css,96,css,c7ac71d9,ikrvb1,2025-01-25,12:46:13,-08:00,2025-01-25T12:46:13-08:00,0,13
style.css,97,css,c7ac71d9,ikrvb1,2025-01-25,12:46:13,-08:00,2025-01-25T12:46:13-08:00,0,30
style.css,98,css,c7ac71d9,ikrvb1,2025-01-25,12:46:13,-08:00,2025-01-25T12:46:13-08:00,0,8
style.css,99,css,c7ac71d9,ikrvb1,2025-01-25,12:46:13,-08:00,2025-01-25T12:46:13-08:00,0,12
style.css,100,css,c7ac71d9,ikrvb1,2025-01-25,12:46:13,-08:00,2025-01-25T12:46:13-08:00,0,0
style.css,101,css,c7ac71d9,ikrvb1,2025-01-25,12:46:13,-08:00,2025-01-25T12:46:13-08:00,0,0
style.css,102,css,c7ac71d9,ikrvb1,2025-01-25,12:46:13,-08:00,2025-01-25T12:46:13-08:00,0,8
style.css,103,css,c7ac71d9,ikrvb1,2025-01-25,12:46:13,-08:00,2025-01-25T12:46:13-08:00,0,18
style.css,104,css,c7ac71d9,ikrvb1,2025-01-25,12:46:13,-08:00,2025-01-25T12:46:13-08:00,0,12
style.css,105,css,c7ac71d9,ikrvb1,2025-01-25,12:46:13,-08:00,2025-01-25T12:46:13-08:00,0,0
style.css,106,css,c7ac71d9,ikrvb1,2025-01-25,12:46:13,-08:00,2025-01-25T12:46:13-08:00,0,0
style.css,107,css,c7ac71d9,ikrvb1,2025-01-25,12:46:13,-08:00,2025-01-25T12:46:13-08:00,0,11
style.css,108,css,c7ac71d9,ikrvb1,2025-01-25,12:46:13,-08:00,2025-01-25T12:46:13-08:00,0,21
style.css,109,css,c7ac71d9,ikrvb1,2025-01-25,12:46:13,-08:00,2025-01-25T12:46:13-08:00,0,15
style.css,110,css,c7ac71d9,ikrvb1,2025-01-25,12:46:13,-08:00,2025-01-25T12:46:13-08:00,0,0
style.css,111,css,c7ac71d9,ikrvb1,2025-01-25,12:46:13,-08:00,2025-01-25T12:46:13-08:00,0,0
style.css,112,css,c7ac71d9,ikrvb1,2025-01-25,12:46:13,-08:00,2025-01-25T12:46:13-08:00,0,11
style.css,113,css,c7ac71d9,ikrvb1,2025-01-25,12:46:13,-08:00,2025-01-25T12:46:13-08:00,0,20
style.css,114,css,c75d4847,ikrvb1,2025-01-25,23:21:45,-08:00,2025-01-25T23:21:45-08:00,0,0
style.css,115,css,c75d4847,ikrvb1,2025-01-25,23:21:45,-08:00,2025-01-25T23:21:45-08:00,0,0
style.css,116,css,c75d4847,ikrvb1,2025-01-25,23:21:45,-08:00,2025-01-25T23:21:45-08:00,0,14
style.css,117,css,c75d4847,ikrvb1,2025-01-25,23:21:45,-08:00,2025-01-25T23:21:45-08:00,0,18
style.css,118,css,c75d4847,ikrvb1,2025-01-25,23:21:45,-08:00,2025-01-25T23:21:45-08:00,0,9
style.css,119,css,c75d4847,ikrvb1,2025-01-25,23:21:45,-08:00,2025-01-25T23:21:45-08:00,0,11
style.css,120,css,c75d4847,ikrvb1,2025-01-25,23:21:45,-08:00,2025-01-25T23:21:45-08:00,0,14
style.css,121,css,dfddc015,ikrvb1,2025-02-01,23:30:45,-08:00,2025-02-01T23:30:45-08:00,0,0
style.css,122,css,dfddc015,ikrvb1,2025-02-01,23:30:45,-08:00,2025-02-01T23:30:45-08:00,0,0
style.css,123,css,dfddc015,ikrvb1,2025-02-01,23:30:45,-08:00,2025-02-01T23:30:45-08:00,0,18
style.css,124,css,dfddc015,ikrvb1,2025-02-01,23:30:45,-08:00,2025-02-01T23:30:45-08:00,0,13
style.css,125,css,cf107f43,ikrvb1,2025-02-07,15:49:45,-08:00,2025-02-07T15:49:45-08:00,0,37
style.css,126,css,dfddc015,ikrvb1,2025-02-01,23:30:45,-08:00,2025-02-01T23:30:45-08:00,0,9
style.css,127,css,dfddc015,ikrvb1,2025-02-01,23:30:45,-08:00,2025-02-01T23:30:45-08:00,0,13
style.css,128,css,dfddc015,ikrvb1,2025-02-01,23:30:45,-08:00,2025-02-01T23:30:45-08:00,0,18
style.css,129,css,dfddc015,ikrvb1,2025-02-01,23:30:45,-08:00,2025-02-01T23:30:45-08:00,0,18
style.css,130,css,dfddc015,ikrvb1,2025-02-01,23:30:45,-08:00,2025-02-01T23:30:45-08:00,0,0
style.css,131,css,dfddc015,ikrvb1,2025-02-01,23:30:45,-08:00,2025-02-01T23:30:45-08:00,0,0
style.css,132,css,dfddc015,ikrvb1,2025-02-01,23:30:45,-08:00,2025-02-01T23:30:45-08:00,0,18
style.css,133,css,dfddc015,ikrvb1,2025-02-01,23:30:45,-08:00,2025-02-01T23:30:45-08:00,0,17
style.css,134,css,cf107f43,ikrvb1,2025-02-07,15:49:45,-08:00,2025-02-07T15:49:45-08:00,0,11
style.css,135,css,dfddc015,ikrvb1,2025-02-01,23:30:45,-08:00,2025-02-01T23:30:45-08:00,0,0
style.css,136,css,dfddc015,ikrvb1,2025-02-01,23:30:45,-08:00,2025-02-01T23:30:45-08:00,0,0
style.css,137,css,dfddc015,ikrvb1,2025-02-01,23:30:45,-08:00,2025-02-01T23:30:45-08:00,0,18
style.css,138,css,cf107f43,ikrvb1,2025-02-07,15:49:45,-08:00,2025-02-07T15:49:45-08:00,0,11
style.css,139,css,dfddc015,ikrvb1,2025-02-01,23:30:45,-08:00,2025-02-01T23:30:45-08:00,0,9
style.css,140,css,dfddc015,ikrvb1,2025-02-01,23:30:45,-08:00,2025-02-01T23:30:45-08:00,0,0
style.css,141,css,dfddc015,ikrvb1,2025-02-01,23:30:45,-08:00,2025-02-01T23:30:45-08:00,0,0
style.css,142,css,e9610e3c,ikrvb1,2025-02-01,23:48:36,-08:00,2025-02-01T23:48:36-08:00,0,4
style.css,143,css,cf107f43,ikrvb1,2025-02-07,15:49:45,-08:00,2025-02-07T15:49:45-08:00,0,16
style.css,144,css,cf107f43,ikrvb1,2025-02-07,15:49:45,-08:00,2025-02-07T15:49:45-08:00,0,12
style.css,145,css,8a584752,ikrvb1,2025-02-07,15:17:43,-08:00,2025-02-07T15:17:43-08:00,0,0
style.css,146,css,8a584752,ikrvb1,2025-02-07,15:17:43,-08:00,2025-02-07T15:17:43-08:00,0,0
style.css,147,css,8a584752,ikrvb1,2025-02-07,15:17:43,-08:00,2025-02-07T15:17:43-08:00,0,14
style.css,148,css,8a584752,ikrvb1,2025-02-07,15:17:43,-08:00,2025-02-07T15:17:43-08:00,0,24
style.css,149,css,8a584752,ikrvb1,2025-02-07,15:17:43,-08:00,2025-02-07T15:17:43-08:00,0,35
style.css,150,css,8a584752,ikrvb1,2025-02-07,15:17:43,-08:00,2025-02-07T15:17:43-08:00,0,0
style.css,151,css,8a584752,ikrvb1,2025-02-07,15:17:43,-08:00,2025-02-07T15:17:43-08:00,0,0
style.css,152,css,8a584752,ikrvb1,2025-02-07,15:17:43,-08:00,2025-02-07T15:17:43-08:00,0,15
style.css,153,css,8a584752,ikrvb1,2025-02-07,15:17:43,-08:00,2025-02-07T15:17:43-08:00,0,15
style.css,154,css,8a584752,ikrvb1,2025-02-07,15:17:43,-08:00,2025-02-07T15:17:43-08:00,0,17
style.css,155,css,8a584752,ikrvb1,2025-02-07,15:17:43,-08:00,2025-02-07T15:17:43-08:00,0,0
style.css,156,css,8a584752,ikrvb1,2025-02-07,15:17:43,-08:00,2025-02-07T15:17:43-08:00,0,17
style.css,157,css,cf107f43,ikrvb1,2025-02-07,15:49:45,-08:00,2025-02-07T15:49:45-08:00,0,0
style.css,158,css,cf107f43,ikrvb1,2025-02-07,15:49:45,-08:00,2025-02-07T15:49:45-08:00,0,0
style.css,159,css,cf107f43,ikrvb1,2025-02-07,15:49:45,-08:00,2025-02-07T15:49:45-08:00,0,11
style.css,160,css,cf107f43,ikrvb1,2025-02-07,15:49:45,-08:00,2025-02-07T15:49:45-08:00,0,13
style.css,161,css,cf107f43,ikrvb1,2025-02-07,15:49:45,-08:00,2025-02-07T15:49:45-08:00,0,30
style.css,162,css,cf107f43,ikrvb1,2025-02-07,15:49:45,-08:00,2025-02-07T15:49:45-08:00,0,8
style.css,163,css,cf107f43,ikrvb1,2025-02-07,15:49:45,-08:00,2025-02-07T15:49:45-08:00,0,0
style.css,164,css,cf107f43,ikrvb1,2025-02-07,15:49:45,-08:00,2025-02-07T15:49:45-08:00,0,0
style.css,165,css,cf107f43,ikrvb1,2025-02-07,15:49:45,-08:00,2025-02-07T15:49:45-08:00,0,8
style.css,166,css,cf107f43,ikrvb1,2025-02-07,15:49:45,-08:00,2025-02-07T15:49:45-08:00,0,16
style.css,167,css,cf107f43,ikrvb1,2025-02-07,15:49:45,-08:00,2025-02-07T15:49:45-08:00,0,10
style.css,168,css,cf107f43,ikrvb1,2025-02-07,15:49:45,-08:00,2025-02-07T15:49:45-08:00,0,13
style.css,169,css,cf107f43,ikrvb1,2025-02-07,15:49:45,-08:00,2025-02-07T15:49:45-08:00,0,13
style.css,170,css,cf107f43,ikrvb1,2025-02-07,15:49:45,-08:00,2025-02-07T15:49:45-08:00,0,58
style.css,171,css,cf107f43,ikrvb1,2025-02-07,15:49:45,-08:00,2025-02-07T15:49:45-08:00,0,0
style.css,172,css,cf107f43,ikrvb1,2025-02-07,15:49:45,-08:00,2025-02-07T15:49:45-08:00,0,0
style.css,173,css,cf107f43,ikrvb1,2025-02-07,15:49:45,-08:00,2025-02-07T15:49:45-08:00,0,11
style.css,174,css,cf107f43,ikrvb1,2025-02-07,15:49:45,-08:00,2025-02-07T15:49:45-08:00,0,13
style.css,175,css,cf107f43,ikrvb1,2025-02-07,15:49:45,-08:00,2025-02-07T15:49:45-08:00,0,19
style.css,176,css,cf107f43,ikrvb1,2025-02-07,15:49:45,-08:00,2025-02-07T15:49:45-08:00,0,10
style.css,177,css,cf107f43,ikrvb1,2025-02-07,15:49:45,-08:00,2025-02-07T15:49:45-08:00,0,0
style.css,178,css,cf107f43,ikrvb1,2025-02-07,15:49:45,-08:00,2025-02-07T15:49:45-08:00,0,0
style.css,179,css,cf107f43,ikrvb1,2025-02-07,15:49:45,-08:00,2025-02-07T15:49:45-08:00,0,16
style.css,180,css,cf107f43,ikrvb1,2025-02-07,15:49:45,-08:00,2025-02-07T15:49:45-08:00,0,10
style.css,181,css,cf107f43,ikrvb1,2025-02-07,15:49:45,-08:00,2025-02-07T15:49:45-08:00,0,11
style.css,182,css,cf107f43,ikrvb1,2025-02-07,15:49:45,-08:00,2025-02-07T15:49:45-08:00,0,21
style.css,183,css,cf107f43,ikrvb1,2025-02-07,15:49:45,-08:00,2025-02-07T15:49:45-08:00,0,21
style.css,184,css,cf107f43,ikrvb1,2025-02-07,15:49:45,-08:00,2025-02-07T15:49:45-08:00,0,30
style.css,185,css,35560b30,ikrvb1,2025-02-07,23:10:12,-08:00,2025-02-07T23:10:12-08:00,0,0
style.css,186,css,35560b30,ikrvb1,2025-02-07,23:10:12,-08:00,2025-02-07T23:10:12-08:00,0,0
style.css,187,css,35560b30,ikrvb1,2025-02-07,23:10:12,-08:00,2025-02-07T23:10:12-08:00,0,11
style.css,188,css,35560b30,ikrvb1,2025-02-07,23:10:12,-08:00,2025-02-07T23:10:12-08:00,0,11
style.css,189,css,35560b30,ikrvb1,2025-02-07,23:10:12,-08:00,2025-02-07T23:10:12-08:00,0,13
style.css,190,css,35560b30,ikrvb1,2025-02-07,23:10:12,-08:00,2025-02-07T23:10:12-08:00,0,14
style.css,191,css,35560b30,ikrvb1,2025-02-07,23:10:12,-08:00,2025-02-07T23:10:12-08:00,0,22
style.css,192,css,35560b30,ikrvb1,2025-02-07,23:10:12,-08:00,2025-02-07T23:10:12-08:00,0,18
style.css,193,css,3bd780d8,ikrvb1,2025-02-07,23:31:30,-08:00,2025-02-07T23:31:30-08:00,0,0
style.css,194,css,3bd780d8,ikrvb1,2025-02-07,23:31:30,-08:00,2025-02-07T23:31:30-08:00,0,0
style.css,195,css,3bd780d8,ikrvb1,2025-02-07,23:31:30,-08:00,2025-02-07T23:31:30-08:00,0,18
style.css,196,css,3bd780d8,ikrvb1,2025-02-07,23:31:30,-08:00,2025-02-07T23:31:30-08:00,0,17
style.css,197,css,3bd780d8,ikrvb1,2025-02-07,23:31:30,-08:00,2025-02-07T23:31:30-08:00,0,12
style.css,198,css,3bd780d8,ikrvb1,2025-02-07,23:31:30,-08:00,2025-02-07T23:31:30-08:00,0,0
style.css,199,css,3bd780d8,ikrvb1,2025-02-07,23:31:30,-08:00,2025-02-07T23:31:30-08:00,0,0
style.css,200,css,3bd780d8,ikrvb1,2025-02-07,23:31:30,-08:00,2025-02-07T23:31:30-08:00,0,0
style.css,201,css,3bd780d8,ikrvb1,2025-02-07,23:31:30,-08:00,2025-02-07T23:31:30-08:00,0,5
style.css,202,css,3bd780d8,ikrvb1,2025-02-07,23:31:30,-08:00,2025-02-07T23:31:30-08:00,0,17
style.css,203,css,3bd780d8,ikrvb1,2025-02-07,23:31:30,-08:00,2025-02-07T23:31:30-08:00,0,15
style.css,204,css,3bd780d8,ikrvb1,2025-02-07,23:31:30,-08:00,2025-02-07T23:31:30-08:00,0,0
style.css,205,css,3bd780d8,ikrvb1,2025-02-07,23:31:30,-08:00,2025-02-07T23:31:30-08:00,0,0
style.css,206,css,3bd780d8,ikrvb1,2025-02-07,23:31:30,-08:00,2025-02-07T23:31:30-08:00,0,10
style.css,207,css,3bd780d8,ikrvb1,2025-02-07,23:31:30,-08:00,2025-02-07T23:31:30-08:00,0,46
style.css,208,css,3bd780d8,ikrvb1,2025-02-07,23:31:30,-08:00,2025-02-07T23:31:30-08:00,0,0
style.css,209,css,3bd780d8,ikrvb1,2025-02-07,23:31:30,-08:00,2025-02-07T23:31:30-08:00,0,11
style.css,210,css,3bd780d8,ikrvb1,2025-02-07,23:31:30,-08:00,2025-02-07T23:31:30-08:00,0,18
style.css,211,css,3bd780d8,ikrvb1,2025-02-07,23:31:30,-08:00,2025-02-07T23:31:30-08:00,0,0
style.css,212,css,3bd780d8,ikrvb1,2025-02-07,23:31:30,-08:00,2025-02-07T23:31:30-08:00,0,0
style.css,213,css,3bd780d8,ikrvb1,2025-02-07,23:31:30,-08:00,2025-02-07T23:31:30-08:00,0,0
style.css,214,css,3bd780d8,ikrvb1,2025-02-07,23:31:30,-08:00,2025-02-07T23:31:30-08:00,0,19
style.css,215,css,3bd780d8,ikrvb1,2025-02-07,23:31:30,-08:00,2025-02-07T23:31:30-08:00,0,18
style.css,216,css,3bd780d8,ikrvb1,2025-02-07,23:31:30,-08:00,2025-02-07T23:31:30-08:00,0,0
style.css,217,css,3bd780d8,ikrvb1,2025-02-07,23:31:30,-08:00,2025-02-07T23:31:30-08:00,0,0
style.css,218,css,3bd780d8,ikrvb1,2025-02-07,23:31:30,-08:00,2025-02-07T23:31:30-08:00,0,17
style.css,219,css,3bd780d8,ikrvb1,2025-02-07,23:31:30,-08:00,2025-02-07T23:31:30-08:00,0,45
style.css,220,css,6b2395ed,ikrvb1,2025-03-07,00:02:39,-08:00,2025-03-07T00:02:39-08:00,0,0
style.css,221,css,6b2395ed,ikrvb1,2025-03-07,00:02:39,-08:00,2025-03-07T00:02:39-08:00,0,0
style.css,222,css,6b2395ed,ikrvb1,2025-03-07,00:02:39,-08:00,2025-03-07T00:02:39-08:00,0,7
style.css,223,css,6b2395ed,ikrvb1,2025-03-07,00:02:39,-08:00,2025-03-07T00:02:39-08:00,0,13
style.css,224,css,6b2395ed,ikrvb1,2025-03-07,00:02:39,-08:00,2025-03-07T00:02:39-08:00,0,59
style.css,225,css,6b2395ed,ikrvb1,2025-03-07,00:02:39,-08:00,2025-03-07T00:02:39-08:00,0,68
style.css,226,css,6b2395ed,ikrvb1,2025-03-07,00:02:39,-08:00,2025-03-07T00:02:39-08:00,0,9
style.css,227,css,6b2395ed,ikrvb1,2025-03-07,00:02:39,-08:00,2025-03-07T00:02:39-08:00,0,13
style.css,228,css,6b2395ed,ikrvb1,2025-03-07,00:02:39,-08:00,2025-03-07T00:02:39-08:00,0,18
style.css,229,css,6b2395ed,ikrvb1,2025-03-07,00:02:39,-08:00,2025-03-07T00:02:39-08:00,0,18
style.css,230,css,6b2395ed,ikrvb1,2025-03-07,00:02:39,-08:00,2025-03-07T00:02:39-08:00,0,0
style.css,231,css,6b2395ed,ikrvb1,2025-03-07,00:02:39,-08:00,2025-03-07T00:02:39-08:00,0,0
style.css,232,css,6b2395ed,ikrvb1,2025-03-07,00:02:39,-08:00,2025-03-07T00:02:39-08:00,0,10
style.css,233,css,6b2395ed,ikrvb1,2025-03-07,00:02:39,-08:00,2025-03-07T00:02:39-08:00,0,17
style.css,234,css,6b2395ed,ikrvb1,2025-03-07,00:02:39,-08:00,2025-03-07T00:02:39-08:00,0,62
style.css,235,css,6b2395ed,ikrvb1,2025-03-07,00:02:39,-08:00,2025-03-07T00:02:39-08:00,0,0
style.css,236,css,6b2395ed,ikrvb1,2025-03-07,00:02:39,-08:00,2025-03-07T00:02:39-08:00,0,0
style.css,237,css,6b2395ed,ikrvb1,2025-03-07,00:02:39,-08:00,2025-03-07T00:02:39-08:00,0,10
style.css,238,css,6b2395ed,ikrvb1,2025-03-07,00:02:39,-08:00,2025-03-07T00:02:39-08:00,0,63
style.css,239,css,6b2395ed,ikrvb1,2025-03-07,00:02:39,-08:00,2025-03-07T00:02:39-08:00,0,9
style.css,240,css,6b2395ed,ikrvb1,2025-03-07,00:02:39,-08:00,2025-03-07T00:02:39-08:00,0,0
style.css,241,css,6b2395ed,ikrvb1,2025-03-07,00:02:39,-08:00,2025-03-07T00:02:39-08:00,0,0
style.css,242,css,25d00637,ikrvb1,2025-03-07,00:24:43,-08:00,2025-03-07T00:24:43-08:00,0,24
style.css,243,css,25d00637,ikrvb1,2025-03-07,00:24:43,-08:00,2025-03-07T00:24:43-08:00,0,8
style.css,244,css,25d00637,ikrvb1,2025-03-07,00:24:43,-08:00,2025-03-07T00:24:43-08:00,0,13
style.css,245,css,25d00637,ikrvb1,2025-03-07,00:24:43,-08:00,2025-03-07T00:24:43-08:00,0,72
style.css,246,css,25d00637,ikrvb1,2025-03-07,00:24:43,-08:00,2025-03-07T00:24:43-08:00,0,45
style.css,247,css,25d00637,ikrvb1,2025-03-07,00:24:43,-08:00,2025-03-07T00:24:43-08:00,0,39
style.css,248,css,25d00637,ikrvb1,2025-03-07,00:24:43,-08:00,2025-03-07T00:24:43-08:00,0,0
style.css,249,css,25d00637,ikrvb1,2025-03-07,00:24:43,-08:00,2025-03-07T00:24:43-08:00,0,0
style.css,250,css,25d00637,ikrvb1,2025-03-07,00:24:43,-08:00,2025-03-07T00:24:43-08:00,0,11
style.css,251,css,25d00637,ikrvb1,2025-03-07,00:24:43,-08:00,2025-03-07T00:24:43-08:00,0,42
style.css,252,css,25d00637,ikrvb1,2025-03-07,00:24:43,-08:00,2025-03-07T00:24:43-08:00,0,42
style.css,253,css,25d00637,ikrvb1,2025-03-07,00:24:43,-08:00,2025-03-07T00:24:43-08:00,0,63
style.css,254,css,25d00637,ikrvb1,2025-03-07,00:24:43,-08:00,2025-03-07T00:24:43-08:00,0,0
style.css,255,css,25d00637,ikrvb1,2025-03-07,00:24:43,-08:00,2025-03-07T00:24:43-08:00,0,0
style.css,256,css,25d00637,ikrvb1,2025-03-07,00:24:43,-08:00,2025-03-07T00:24:43-08:00,0,11
style.css,257,css,25d00637,ikrvb1,2025-03-07,00:24:43,-08:00,2025-03-07T00:24:43-08:00,0,38
style.css,258,css,25d00637,ikrvb1,2025-03-07,00:24:43,-08:00,2025-03-07T00:24:43-08:00,0,54
style.css,259,css,e11faf73,ikrvb1,2025-03-07,13:06:29,-08:00,2025-03-07T13:06:29-08:00,0,26
style.css,260,css,e11faf73,ikrvb1,2025-03-07,13:06:29,-08:00,2025-03-07T13:06:29-08:00,0,40
style.css,261,css,e11faf73,ikrvb1,2025-03-07,13:06:29,-08:00,2025-03-07T13:06:29-08:00,0,0
style.css,262,css,e11faf73,ikrvb1,2025-03-07,13:06:29,-08:00,2025-03-07T13:06:29-08:00,0,0
style.css,263,css,e11faf73,ikrvb1,2025-03-07,13:06:29,-08:00,2025-03-07T13:06:29-08:00,0,43
style.css,264,css,e11faf73,ikrvb1,2025-03-07,13:06:29,-08:00,2025-03-07T13:06:29-08:00,0,10
style.css,265,css,e11faf73,ikrvb1,2025-03-07,13:06:29,-08:00,2025-03-07T13:06:29-08:00,0,18
style.css,266,css,e11faf73,ikrvb1,2025-03-07,13:06:29,-08:00,2025-03-07T13:06:29-08:00,0,0
style.css,267,css,e11faf73,ikrvb1,2025-03-07,13:06:29,-08:00,2025-03-07T13:06:29-08:00,0,0
style.css,268,css,e11faf73,ikrvb1,2025-03-07,13:06:29,-08:00,2025-03-07T13:06:29-08:00,0,7
style.css,269,css,e11faf73,ikrvb1,2025-03-07,13:06:29,-08:00,2025-03-07T13:06:29-08:00,0,17
style.css,270,css,e11faf73,ikrvb1,2025-03-07,13:06:29,-08:00,2025-03-07T13:06:29-08:00,0,24
style.css,271,css,e11faf73,ikrvb1,2025-03-07,13:06:29,-08:00,2025-03-07T13:06:29-08:00,0,23
style.css,272,css,e11faf73,ikrvb1,2025-03-07,13:06:29,-08:00,2025-03-07T13:06:29-08:00,0,0
style.css,273,css,e11faf73,ikrvb1,2025-03-07,13:06:29,-08:00,2025-03-07T13:06:29-08:00,0,0
style.css,274,css,e11faf73,ikrvb1,2025-03-07,13:06:29,-08:00,2025-03-07T13:06:29-08:00,0,13
style.css,275,css,e11faf73,ikrvb1,2025-03-07,13:06:29,-08:00,2025-03-07T13:06:29-08:00,0,21
style.css,276,css,e11faf73,ikrvb1,2025-03-07,13:06:29,-08:00,2025-03-07T13:06:29-08:00,0,15
style.css,277,css,25d00637,ikrvb1,2025-03-07,00:24:43,-08:00,2025-03-07T00:24:43-08:00,0,0
style.css,278,css,6b2395ed,ikrvb1,2025-03-07,00:02:39,-08:00,2025-03-07T00:02:39-08:00,0,0
style.css,279,css,25d00637,ikrvb1,2025-03-07,00:24:43,-08:00,2025-03-07T00:24:43-08:00,0,25
style.css,280,css,25d00637,ikrvb1,2025-03-07,00:24:43,-08:00,2025-03-07T00:24:43-08:00,0,9
style.css,281,css,25d00637,ikrvb1,2025-03-07,00:24:43,-08:00,2025-03-07T00:24:43-08:00,0,18
style.css,282,css,0d7cfdd3,ikrvb1,2025-03-07,01:36:12,-08:00,2025-03-07T01:36:12-08:00,0,30
style.css,283,css,0d7cfdd3,ikrvb1,2025-03-07,01:36:12,-08:00,2025-03-07T01:36:12-08:00,0,12
style.css,284,css,25d00637,ikrvb1,2025-03-07,00:24:43,-08:00,2025-03-07T00:24:43-08:00,0,13
style.css,285,css,0d7cfdd3,ikrvb1,2025-03-07,01:36:12,-08:00,2025-03-07T01:36:12-08:00,0,18
style.css,286,css,25d00637,ikrvb1,2025-03-07,00:24:43,-08:00,2025-03-07T00:24:43-08:00,0,20
style.css,287,css,0d7cfdd3,ikrvb1,2025-03-07,01:36:12,-08:00,2025-03-07T01:36:12-08:00,0,60
style.css,288,css,0d7cfdd3,ikrvb1,2025-03-07,01:36:12,-08:00,2025-03-07T01:36:12-08:00,0,12
style.css,289,css,25d00637,ikrvb1,2025-03-07,00:24:43,-08:00,2025-03-07T00:24:43-08:00,0,0
style.css,290,css,25d00637,ikrvb1,2025-03-07,00:24:43,-08:00,2025-03-07T00:24:43-08:00,0,0
style.css,291,css,0d7cfdd3,ikrvb1,2025-03-07,01:36:12,-08:00,2025-03-07T01:36:12-08:00,0,0
style.css,292,css,25d00637,ikrvb1,2025-03-07,00:24:43,-08:00,2025-03-07T00:24:43-08:00,0,12
style.css,293,css,25d00637,ikrvb1,2025-03-07,00:24:43,-08:00,2025-03-07T00:24:43-08:00,0,17
style.css,294,css,25d00637,ikrvb1,2025-03-07,00:24:43,-08:00,2025-03-07T00:24:43-08:00,0,0
style.css,295,css,6b2395ed,ikrvb1,2025-03-07,00:02:39,-08:00,2025-03-07T00:02:39-08:00,0,0
style.css,296,css,25d00637,ikrvb1,2025-03-07,00:24:43,-08:00,2025-03-07T00:24:43-08:00,0,12
style.css,297,css,25d00637,ikrvb1,2025-03-07,00:24:43,-08:00,2025-03-07T00:24:43-08:00,0,18
style.css,298,css,0d7cfdd3,ikrvb1,2025-03-07,01:36:12,-08:00,2025-03-07T01:36:12-08:00,0,0
style.css,299,css,0d7cfdd3,ikrvb1,2025-03-07,01:36:12,-08:00,2025-03-07T01:36:12-08:00,0,0
style.css,300,css,0d7cfdd3,ikrvb1,2025-03-07,01:36:12,-08:00,2025-03-07T01:36:12-08:00,0,25
style.css,301,css,0d7cfdd3,ikrvb1,2025-03-07,01:36:12,-08:00,2025-03-07T01:36:12-08:00,0,3
style.css,302,css,0d7cfdd3,ikrvb1,2025-03-07,01:36:12,-08:00,2025-03-07T01:36:12-08:00,0,33
style.css,303,css,0d7cfdd3,ikrvb1,2025-03-07,01:36:12,-08:00,2025-03-07T01:36:12-08:00,0,0
style.css,304,css,0d7cfdd3,ikrvb1,2025-03-07,01:36:12,-08:00,2025-03-07T01:36:12-08:00,0,0
style.css,305,css,0d7cfdd3,ikrvb1,2025-03-07,01:36:12,-08:00,2025-03-07T01:36:12-08:00,0,0
style.css,306,css,0d7cfdd3,ikrvb1,2025-03-07,01:36:12,-08:00,2025-03-07T01:36:12-08:00,0,11
style.css,307,css,0d7cfdd3,ikrvb1,2025-03-07,01:36:12,-08:00,2025-03-07T01:36:12-08:00,0,17
style.css,308,css,0d7cfdd3,ikrvb1,2025-03-07,01:36:12,-08:00,2025-03-07T01:36:12-08:00,0,13
style.css,309,css,0d7cfdd3,ikrvb1,2025-03-07,01:36:12,-08:00,2025-03-07T01:36:12-08:00,0,19
style.css,310,css,0d7cfdd3,ikrvb1,2025-03-07,01:36:12,-08:00,2025-03-07T01:36:12-08:00,0,21
style.css,311,css,0d7cfdd3,ikrvb1,2025-03-07,01:36:12,-08:00,2025-03-07T01:36:12-08:00,0,43
style.css,312,css,0d7cfdd3,ikrvb1,2025-03-07,01:36:12,-08:00,2025-03-07T01:36:12-08:00,0,0
style.css,313,css,0d7cfdd3,ikrvb1,2025-03-07,01:36:12,-08:00,2025-03-07T01:36:12-08:00,0,0
style.css,314,css,0d7cfdd3,ikrvb1,2025-03-07,01:36:12,-08:00,2025-03-07T01:36:12-08:00,0,16
style.css,315,css,0d7cfdd3,ikrvb1,2025-03-07,01:36:12,-08:00,2025-03-07T01:36:12-08:00,0,18
style.css,316,css,0d7cfdd3,ikrvb1,2025-03-07,01:36:12,-08:00,2025-03-07T01:36:12-08:00,0,30
style.css,317,css,0d7cfdd3,ikrvb1,2025-03-07,01:36:12,-08:00,2025-03-07T01:36:12-08:00,0,12
style.css,318,css,0d7cfdd3,ikrvb1,2025-03-07,01:36:12,-08:00,2025-03-07T01:36:12-08:00,0,13
style.css,319,css,0d7cfdd3,ikrvb1,2025-03-07,01:36:12,-08:00,2025-03-07T01:36:12-08:00,0,18
style.css,320,css,0d7cfdd3,ikrvb1,2025-03-07,01:36:12,-08:00,2025-03-07T01:36:12-08:00,0,20
style.css,321,css,0d7cfdd3,ikrvb1,2025-03-07,01:36:12,-08:00,2025-03-07T01:36:12-08:00,0,13
style.css,322,css,0d7cfdd3,ikrvb1,2025-03-07,01:36:12,-08:00,2025-03-07T01:36:12-08:00,0,35
style.css,323,css,0d7cfdd3,ikrvb1,2025-03-07,01:36:12,-08:00,2025-03-07T01:36:12-08:00,0,0
style.css,324,css,0d7cfdd3,ikrvb1,2025-03-07,01:36:12,-08:00,2025-03-07T01:36:12-08:00,0,0
style.css,325,css,0d7cfdd3,ikrvb1,2025-03-07,01:36:12,-08:00,2025-03-07T01:36:12-08:00,0,19
style.css,326,css,0d7cfdd3,ikrvb1,2025-03-07,01:36:12,-08:00,2025-03-07T01:36:12-08:00,0,17
style.css,327,css,0d7cfdd3,ikrvb1,2025-03-07,01:36:12,-08:00,2025-03-07T01:36:12-08:00,0,0
style.css,328,css,e11faf73,ikrvb1,2025-03-07,13:06:29,-08:00,2025-03-07T13:06:29-08:00,0,0
style.css,329,css,e11faf73,ikrvb1,2025-03-07,13:06:29,-08:00,2025-03-07T13:06:29-08:00,0,16
style.css,330,css,e11faf73,ikrvb1,2025-03-07,13:06:29,-08:00,2025-03-07T13:06:29-08:00,0,13
style.css,331,css,e11faf73,ikrvb1,2025-03-07,13:06:29,-08:00,2025-03-07T13:06:29-08:00,0,0
index.js,1,js,dfddc015,ikrvb1,2025-02-01,23:30:45,-08:00,2025-02-01T23:30:45-08:00,0,72
index.js,2,js,9d582207,ikrvb1,2025-02-01,22:41:17,-08:00,2025-02-01T22:41:17-08:00,0,0
index.js,3,js,9d582207,ikrvb1,2025-02-01,22:41:17,-08:00,2025-02-01T22:41:17-08:00,0,61
index.js,4,js,9d582207,ikrvb1,2025-02-01,22:41:17,-08:00,2025-02-01T22:41:17-08:00,0,0
index.js,5,js,9d582207,ikrvb1,2025-02-01,22:41:17,-08:00,2025-02-01T22:41:17-08:00,0,50
index.js,6,js,9d582207,ikrvb1,2025-02-01,22:41:17,-08:00,2025-02-01T22:41:17-08:00,0,61
index.js,7,js,dfddc015,ikrvb1,2025-02-01,23:30:45,-08:00,2025-02-01T23:30:45-08:00,0,2
index.js,8,js,dfddc015,ikrvb1,2025-02-01,23:30:45,-08:00,2025-02-01T23:30:45-08:00,0,0
index.js,9,js,dfddc015,ikrvb1,2025-02-01,23:30:45,-08:00,2025-02-01T23:30:45-08:00,0,61
index.js,10,js,dfddc015,ikrvb1,2025-02-01,23:30:45,-08:00,2025-02-01T23:30:45-08:00,0,0
index.js,11,js,dfddc015,ikrvb1,2025-02-01,23:30:45,-08:00,2025-02-01T23:30:45-08:00,0,44
index.js,12,js,dfddc015,ikrvb1,2025-02-01,23:30:45,-08:00,2025-02-01T23:30:45-08:00,0,4
index.js,13,js,dfddc015,ikrvb1,2025-02-01,23:30:45,-08:00,2025-02-01T23:30:45-08:00,0,50
index.js,14,js,dfddc015,ikrvb1,2025-02-01,23:30:45,-08:00,2025-02-01T23:30:45-08:00,0,0
index.js,15,js,dfddc015,ikrvb1,2025-02-01,23:30:45,-08:00,2025-02-01T23:30:45-08:00,0,18
index.js,16,js,dfddc015,ikrvb1,2025-02-01,23:30:45,-08:00,2025-02-01T23:30:45-08:00,0,25
index.js,17,js,dfddc015,ikrvb1,2025-02-01,23:30:45,-08:00,2025-02-01T23:30:45-08:00,0,3
index.js,18,js,dfddc015,ikrvb1,2025-02-01,23:30:45,-08:00,2025-02-01T23:30:45-08:00,0,49
index.js,19,js,dfddc015,ikrvb1,2025-02-01,23:30:45,-08:00,2025-02-01T23:30:45-08:00,0,49
index.js,20,js,dfddc015,ikrvb1,2025-02-01,23:30:45,-08:00,2025-02-01T23:30:45-08:00,0,55
index.js,21,js,dfddc015,ikrvb1,2025-02-01,23:30:45,-08:00,2025-02-01T23:30:45-08:00,0,55
index.js,22,js,dfddc015,ikrvb1,2025-02-01,23:30:45,-08:00,2025-02-01T23:30:45-08:00,0,4
index.js,23,js,dfddc015,ikrvb1,2025-02-01,23:30:45,-08:00,2025-02-01T23:30:45-08:00,0,1
index.js,24,js,dfddc015,ikrvb1,2025-02-01,23:30:45,-08:00,2025-02-01T23:30:45-08:00,0,0
index.js,25,js,dfddc015,ikrvb1,2025-02-01,23:30:45,-08:00,2025-02-01T23:30:45-08:00,0,16
index.js,26,js,dfddc015,ikrvb1,2025-02-01,23:30:45,-08:00,2025-02-01T23:30:45-08:00,0,51
index.js,27,js,dfddc015,ikrvb1,2025-02-01,23:30:45,-08:00,2025-02-01T23:30:45-08:00,0,62
index.js,28,js,dfddc015,ikrvb1,2025-02-01,23:30:45,-08:00,2025-02-01T23:30:45-08:00,0,0
index.js,29,js,dfddc015,ikrvb1,2025-02-01,23:30:45,-08:00,2025-02-01T23:30:45-08:00,0,0
index.js,30,js,dfddc015,ikrvb1,2025-02-01,23:30:45,-08:00,2025-02-01T23:30:45-08:00,0,0
index.js,31,js,dfddc015,ikrvb1,2025-02-01,23:30:45,-08:00,2025-02-01T23:30:45-08:00,0,28
index.html,1,html,b2da7c35,ikrvb1,2025-01-11,12:40:56,-08:00,2025-01-11T12:40:56-08:00,0,14
index.html,2,html,746d10f2,ikrvb1,2025-01-25,21:50:52,-08:00,2025-01-25T21:50:52-08:00,0,30
index.html,3,html,b2da7c35,ikrvb1,2025-01-11,12:40:56,-08:00,2025-01-11T12:40:56-08:00,0,5
index.html,4,html,b2da7c35,ikrvb1,2025-01-11,12:40:56,-08:00,2025-01-11T12:40:56-08:00,0,21
index.html,5,html,b2da7c35,ikrvb1,2025-01-11,12:40:56,-08:00,2025-01-11T12:40:56-08:00,0,69
index.html,6,html,b2da7c35,ikrvb1,2025-01-11,12:40:56,-08:00,2025-01-11T12:40:56-08:00,0,57
index.html,7,html,085d1c86,ikrvb1,2025-01-25,00:50:36,-08:00,2025-01-25T00:50:36-08:00,0,39
index.html,8,html,2eaf6976,ikrvb1,2025-01-25,20:10:00,-08:00,2025-01-25T20:10:00-08:00,0,46
index.html,9,html,dfddc015,ikrvb1,2025-02-01,23:30:45,-08:00,2025-02-01T23:30:45-08:00,0,51
index.html,10,html,ed4fb654,ikrvb1,2025-01-11,19:09:38,-08:00,2025-01-11T19:09:38-08:00,0,6
index.html,11,html,ed4fb654,ikrvb1,2025-01-11,19:09:38,-08:00,2025-01-11T19:09:38-08:00,0,5
index.html,12,html,ed4fb654,ikrvb1,2025-01-11,19:09:38,-08:00,2025-01-11T19:09:38-08:00,0,22
index.html,13,html,085d1c86,ikrvb1,2025-01-25,00:50:36,-08:00,2025-01-25T00:50:36-08:00,0,278
index.html,14,html,9d582207,ikrvb1,2025-02-01,22:41:17,-08:00,2025-02-01T22:41:17-08:00,0,23
index.html,15,html,9d582207,ikrvb1,2025-02-01,22:41:17,-08:00,2025-02-01T22:41:17-08:00,0,27
index.html,16,html,dfddc015,ikrvb1,2025-02-01,23:30:45,-08:00,2025-02-01T23:30:45-08:00,0,20
index.html,17,html,dfddc015,ikrvb1,2025-02-01,23:30:45,-08:00,2025-02-01T23:30:45-08:00,0,29
index.html,18,html,ed4fb654,ikrvb1,2025-01-11,19:09:38,-08:00,2025-01-11T19:09:38-08:00,0,82
index.html,19,html,ed4fb654,ikrvb1,2025-01-11,19:09:38,-08:00,2025-01-11T19:09:38-08:00,0,67
index.html,20,html,b2da7c35,ikrvb1,2025-01-11,12:40:56,-08:00,2025-01-11T12:40:56-08:00,0,6
index.html,21,html,b2da7c35,ikrvb1,2025-01-11,12:40:56,-08:00,2025-01-11T12:40:56-08:00,0,6
global.js,1,js,2eaf6976,ikrvb1,2025-01-25,20:10:00,-08:00,2025-01-25T20:10:00-08:00,0,26
global.js,2,js,2eaf6976,ikrvb1,2025-01-25,20:10:00,-08:00,2025-01-25T20:10:00-08:00,0,0
global.js,3,js,2eaf6976,ikrvb1,2025-01-25,20:10:00,-08:00,2025-01-25T20:10:00-08:00,0,42
global.js,4,js,2eaf6976,ikrvb1,2025-01-25,20:10:00,-08:00,2025-01-25T20:10:00-08:00,0,53
global.js,5,js,fb3ac05e,ikrvb1,2025-01-25,21:21:56,-08:00,2025-01-25T21:21:56-08:00,0,0
global.js,6,js,fb3ac05e,ikrvb1,2025-01-25,21:21:56,-08:00,2025-01-25T21:21:56-08:00,0,0
global.js,7,js,746d10f2,ikrvb1,2025-01-25,21:50:52,-08:00,2025-01-25T21:50:52-08:00,0,12
global.js,8,js,746d10f2,ikrvb1,2025-01-25,21:50:52,-08:00,2025-01-25T21:50:52-08:00,0,26
global.js,9,js,746d10f2,ikrvb1,2025-01-25,21:50:52,-08:00,2025-01-25T21:50:52-08:00,0,39
global.js,10,js,746d10f2,ikrvb1,2025-01-25,21:50:52,-08:00,2025-01-25T21:50:52-08:00,0,35
global.js,11,js,fb931d1f,ikrvb1,2025-03-06,23:26:22,-08:00,2025-03-06T23:26:22-08:00,0,31
global.js,12,js,746d10f2,ikrvb1,2025-01-25,21:50:52,-08:00,2025-01-25T21:50:52-08:00,0,37
global.js,13,js,746d10f2,ikrvb1,2025-01-25,21:50:52,-08:00,2025-01-25T21:50:52-08:00,0,52
global.js,14,js,746d10f2,ikrvb1,2025-01-25,21:50:52,-08:00,2025-01-25T21:50:52-08:00,0,1
global.js,15,js,fb3ac05e,ikrvb1,2025-01-25,21:21:56,-08:00,2025-01-25T21:21:56-08:00,0,0
global.js,16,js,746d10f2,ikrvb1,2025-01-25,21:50:52,-08:00,2025-01-25T21:50:52-08:00,0,39
global.js,17,js,746d10f2,ikrvb1,2025-01-25,21:50:52,-08:00,2025-01-25T21:50:52-08:00,0,26
global.js,18,js,746d10f2,ikrvb1,2025-01-25,21:50:52,-08:00,2025-01-25T21:50:52-08:00,0,0
global.js,19,js,746d10f2,ikrvb1,2025-01-25,21:50:52,-08:00,2025-01-25T21:50:52-08:00,0,71
global.js,20,js,746d10f2,ikrvb1,2025-01-25,21:50:52,-08:00,2025-01-25T21:50:52-08:00,0,0
global.js,21,js,746d10f2,ikrvb1,2025-01-25,21:50:52,-08:00,2025-01-25T21:50:52-08:00,0,21
global.js,22,js,746d10f2,ikrvb1,2025-01-25,21:50:52,-08:00,2025-01-25T21:50:52-08:00,0,15
global.js,23,js,746d10f2,ikrvb1,2025-01-25,21:50:52,-08:00,2025-01-25T21:50:52-08:00,0,19
global.js,24,js,746d10f2,ikrvb1,2025-01-25,21:50:52,-08:00,2025-01-25T21:50:52-08:00,0,65
global.js,25,js,746d10f2,ikrvb1,2025-01-25,21:50:52,-08:00,2025-01-25T21:50:52-08:00,0,35
global.js,26,js,746d10f2,ikrvb1,2025-01-25,21:50:52,-08:00,2025-01-25T21:50:52-08:00,0,12
global.js,27,js,746d10f2,ikrvb1,2025-01-25,21:50:52,-08:00,2025-01-25T21:50:52-08:00,0,21
global.js,28,js,746d10f2,ikrvb1,2025-01-25,21:50:52,-08:00,2025-01-25T21:50:52-08:00,0,13
global.js,29,js,746d10f2,ikrvb1,2025-01-25,21:50:52,-08:00,2025-01-25T21:50:52-08:00,0,66
global.js,30,js,746d10f2,ikrvb1,2025-01-25,21:50:52,-08:00,2025-01-25T21:50:52-08:00,0,26
global.js,31,js,746d10f2,ikrvb1,2025-01-25,21:50:52,-08:00,2025-01-25T21:50:52-08:00,0,0
global.js,32,js,746d10f2,ikrvb1,2025-01-25,21:50:52,-08:00,2025-01-25T21:50:52-08:00,0,0
global.js,33,js,fb3ac05e,ikrvb1,2025-01-25,21:21:56,-08:00,2025-01-25T21:21:56-08:00,0,0
global.js,34,js,c75d4847,ikrvb1,2025-01-25,23:21:45,-08:00,2025-01-25T23:21:45-08:00,0,32
global.js,35,js,c75d4847,ikrvb1,2025-01-25,23:21:45,-08:00,2025-01-25T23:21:45-08:00,0,12
global.js,36,js,c75d4847,ikrvb1,2025-01-25,23:21:45,-08:00,2025-01-25T23:21:45-08:00,0,0
global.js,37,js,c75d4847,ikrvb1,2025-01-25,23:21:45,-08:00,2025-01-25T23:21:45-08:00,0,27
global.js,38,js,c75d4847,ikrvb1,2025-01-25,23:21:45,-08:00,2025-01-25T23:21:45-08:00,0,5
global.js,39,js,c75d4847,ikrvb1,2025-01-25,23:21:45,-08:00,2025-01-25T23:21:45-08:00,0,7
global.js,40,js,c75d4847,ikrvb1,2025-01-25,23:21:45,-08:00,2025-01-25T23:21:45-08:00,0,44
global.js,41,js,c75d4847,ikrvb1,2025-01-25,23:21:45,-08:00,2025-01-25T23:21:45-08:00,0,35
global.js,42,js,c75d4847,ikrvb1,2025-01-25,23:21:45,-08:00,2025-01-25T23:21:45-08:00,0,33
global.js,43,js,c75d4847,ikrvb1,2025-01-25,23:21:45,-08:00,2025-01-25T23:21:45-08:00,0,8
global.js,44,js,c75d4847,ikrvb1,2025-01-25,23:21:45,-08:00,2025-01-25T23:21:45-08:00,0,8
global.js,45,js,c75d4847,ikrvb1,2025-01-25,23:21:45,-08:00,2025-01-25T23:21:45-08:00,0,1
global.js,46,js,c75d4847,ikrvb1,2025-01-25,23:21:45,-08:00,2025-01-25T23:21:45-08:00,0,0
global.js,47,js,c75d4847,ikrvb1,2025-01-25,23:21:45,-08:00,2025-01-25T23:21:45-08:00,0,61
global.js,48,js,c75d4847,ikrvb1,2025-01-25,23:21:45,-08:00,2025-01-25T23:21:45-08:00,0,0
global.js,49,js,c75d4847,ikrvb1,2025-01-25,23:21:45,-08:00,2025-01-25T23:21:45-08:00,0,50
global.js,50,js,c75d4847,ikrvb1,2025-01-25,23:21:45,-08:00,2025-01-25T23:21:45-08:00,0,58
global.js,51,js,c75d4847,ikrvb1,2025-01-25,23:21:45,-08:00,2025-01-25T23:21:45-08:00,0,78
global.js,52,js,c75d4847,ikrvb1,2025-01-25,23:21:45,-08:00,2025-01-25T23:21:45-08:00,0,45
global.js,53,js,c75d4847,ikrvb1,2025-01-25,23:21:45,-08:00,2025-01-25T23:21:45-08:00,0,2
global.js,54,js,c75d4847,ikrvb1,2025-01-25,23:21:45,-08:00,2025-01-25T23:21:45-08:00,0,0
global.js,55,js,c75d4847,ikrvb1,2025-01-25,23:21:45,-08:00,2025-01-25T23:21:45-08:00,0,38
global.js,56,js,c75d4847,ikrvb1,2025-01-25,23:21:45,-08:00,2025-01-25T23:21:45-08:00,0,30
global.js,57,js,c75d4847,ikrvb1,2025-01-25,23:21:45,-08:00,2025-01-25T23:21:45-08:00,0,84
global.js,58,js,c75d4847,ikrvb1,2025-01-25,23:21:45,-08:00,2025-01-25T23:21:45-08:00,0,39
global.js,59,js,c75d4847,ikrvb1,2025-01-25,23:21:45,-08:00,2025-01-25T23:21:45-08:00,0,0
global.js,60,js,c75d4847,ikrvb1,2025-01-25,23:21:45,-08:00,2025-01-25T23:21:45-08:00,0,2
global.js,61,js,c75d4847,ikrvb1,2025-01-25,23:21:45,-08:00,2025-01-25T23:21:45-08:00,0,0
global.js,62,js,9d582207,ikrvb1,2025-02-01,22:41:17,-08:00,2025-02-01T22:41:17-08:00,0,37
global.js,63,js,0ab88ab7,ikrvb1,2025-02-01,21:51:00,-08:00,2025-02-01T21:51:00-08:00,0,4
global.js,64,js,0ab88ab7,ikrvb1,2025-02-01,21:51:00,-08:00,2025-02-01T21:51:00-08:00,0,33
global.js,65,js,0ab88ab7,ikrvb1,2025-02-01,21:51:00,-08:00,2025-02-01T21:51:00-08:00,0,18
global.js,66,js,0ab88ab7,ikrvb1,2025-02-01,21:51:00,-08:00,2025-02-01T21:51:00-08:00,0,67
global.js,67,js,0ab88ab7,ikrvb1,2025-02-01,21:51:00,-08:00,2025-02-01T21:51:00-08:00,0,0
global.js,68,js,0ab88ab7,ikrvb1,2025-02-01,21:51:00,-08:00,2025-02-01T21:51:00-08:00,0,34
global.js,69,js,0ab88ab7,ikrvb1,2025-02-01,21:51:00,-08:00,2025-02-01T21:51:00-08:00,0,11
global.js,70,js,0ab88ab7,ikrvb1,2025-02-01,21:51:00,-08:00,2025-02-01T21:51:00-08:00,0,16
global.js,71,js,0ab88ab7,ikrvb1,2025-02-01,21:51:00,-08:00,2025-02-01T21:51:00-08:00,0,60
global.js,72,js,0ab88ab7,ikrvb1,2025-02-01,21:51:00,-08:00,2025-02-01T21:51:00-08:00,0,0
global.js,73,js,0ab88ab7,ikrvb1,2025-02-01,21:51:00,-08:00,2025-02-01T21:51:00-08:00,0,0
global.js,74,js,0ab88ab7,ikrvb1,2025-02-01,21:51:00,-08:00,2025-02-01T21:51:00-08:00,0,0
global.js,75,js,0ab88ab7,ikrvb1,2025-02-01,21:51:00,-08:00,2025-02-01T21:51:00-08:00,0,80
global.js,76,js,0ab88ab7,ikrvb1,2025-02-01,21:51:00,-08:00,2025-02-01T21:51:00-08:00,0,43
global.js,77,js,0ab88ab7,ikrvb1,2025-02-01,21:51:00,-08:00,2025-02-01T21:51:00-08:00,0,49
global.js,78,js,0ab88ab7,ikrvb1,2025-02-01,21:51:00,-08:00,2025-02-01T21:51:00-08:00,0,6
global.js,79,js,0ab88ab7,ikrvb1,2025-02-01,21:51:00,-08:00,2025-02-01T21:51:00-08:00,0,0
global.js,80,js,0ab88ab7,ikrvb1,2025-02-01,21:51:00,-08:00,2025-02-01T21:51:00-08:00,0,23
global.js,81,js,0ab88ab7,ikrvb1,2025-02-01,21:51:00,-08:00,2025-02-01T21:51:00-08:00,0,61
global.js,82,js,0ab88ab7,ikrvb1,2025-02-01,21:51:00,-08:00,2025-02-01T21:51:00-08:00,0,6
global.js,83,js,0ab88ab7,ikrvb1,2025-02-01,21:51:00,-08:00,2025-02-01T21:51:00-08:00,0,0
global.js,84,js,0ab88ab7,ikrvb1,2025-02-01,21:51:00,-08:00,2025-02-01T21:51:00-08:00,0,0
global.js,85,js,0ab88ab7,ikrvb1,2025-02-01,21:51:00,-08:00,2025-02-01T21:51:00-08:00,0,31
global.js,86,js,0ab88ab7,ikrvb1,2025-02-01,21:51:00,-08:00,2025-02-01T21:51:00-08:00,0,28
global.js,87,js,0ab88ab7,ikrvb1,2025-02-01,21:51:00,-08:00,2025-02-01T21:51:00-08:00,0,45
global.js,88,js,0ab88ab7,ikrvb1,2025-02-01,21:51:00,-08:00,2025-02-01T21:51:00-08:00,0,42
global.js,89,js,0ab88ab7,ikrvb1,2025-02-01,21:51:00,-08:00,2025-02-01T21:51:00-08:00,0,6
global.js,90,js,0ab88ab7,ikrvb1,2025-02-01,21:51:00,-08:00,2025-02-01T21:51:00-08:00,0,0
global.js,91,js,0ab88ab7,ikrvb1,2025-02-01,21:51:00,-08:00,2025-02-01T21:51:00-08:00,0,49
global.js,92,js,0ab88ab7,ikrvb1,2025-02-01,21:51:00,-08:00,2025-02-01T21:51:00-08:00,0,20
global.js,93,js,0ab88ab7,ikrvb1,2025-02-01,21:51:00,-08:00,2025-02-01T21:51:00-08:00,0,24
global.js,94,js,0ab88ab7,ikrvb1,2025-02-01,21:51:00,-08:00,2025-02-01T21:51:00-08:00,0,50
global.js,95,js,8a584752,ikrvb1,2025-02-07,15:17:43,-08:00,2025-02-07T15:17:43-08:00,0,28
global.js,96,js,8a584752,ikrvb1,2025-02-07,15:17:43,-08:00,2025-02-07T15:17:43-08:00,0,53
global.js,97,js,0ab88ab7,ikrvb1,2025-02-01,21:51:00,-08:00,2025-02-01T21:51:00-08:00,0,37
global.js,98,js,0ab88ab7,ikrvb1,2025-02-01,21:51:00,-08:00,2025-02-01T21:51:00-08:00,0,2
global.js,99,js,dfddc015,ikrvb1,2025-02-01,23:30:45,-08:00,2025-02-01T23:30:45-08:00,0,0
global.js,100,js,dfddc015,ikrvb1,2025-02-01,23:30:45,-08:00,2025-02-01T23:30:45-08:00,0,0
global.js,101,js,dfddc015,ikrvb1,2025-02-01,23:30:45,-08:00,2025-02-01T23:30:45-08:00,0,48
global.js,102,js,dfddc015,ikrvb1,2025-02-01,23:30:45,-08:00,2025-02-01T23:30:45-08:00,0,72
global.js,103,js,dfddc015,ikrvb1,2025-02-01,23:30:45,-08:00,2025-02-01T23:30:45-08:00,0,22
global.js,104,js,0ab88ab7,ikrvb1,2025-02-01,21:51:00,-08:00,2025-02-01T21:51:00-08:00,0,0
resume/index.html,1,html,ed4fb654,ikrvb1,2025-01-11,19:09:38,-08:00,2025-01-11T19:09:38-08:00,0,14
resume/index.html,2,html,ed4fb654,ikrvb1,2025-01-11,19:09:38,-08:00,2025-01-11T19:09:38-08:00,0,15
resume/index.html,3,html,ed4fb654,ikrvb1,2025-01-11,19:09:38,-08:00,2025-01-11T19:09:38-08:00,0,5
resume/index.html,4,html,ed4fb654,ikrvb1,2025-01-11,19:09:38,-08:00,2025-01-11T19:09:38-08:00,0,21
resume/index.html,5,html,ed4fb654,ikrvb1,2025-01-11,19:09:38,-08:00,2025-01-11T19:09:38-08:00,0,69
resume/index.html,6,html,ed4fb654,ikrvb1,2025-01-11,19:09:38,-08:00,2025-01-11T19:09:38-08:00,0,20
resume/index.html,7,html,085d1c86,ikrvb1,2025-01-25,00:50:36,-08:00,2025-01-25T00:50:36-08:00,0,42
resume/index.html,8,html,2eaf6976,ikrvb1,2025-01-25,20:10:00,-08:00,2025-01-25T20:10:00-08:00,0,49
resume/index.html,9,html,ed4fb654,ikrvb1,2025-01-11,19:09:38,-08:00,2025-01-11T19:09:38-08:00,0,6
resume/index.html,10,html,ed4fb654,ikrvb1,2025-01-11,19:09:38,-08:00,2025-01-11T19:09:38-08:00,0,5
resume/index.html,11,html,ed4fb654,ikrvb1,2025-01-11,19:09:38,-08:00,2025-01-11T19:09:38-08:00,0,0
resume/index.html,12,html,ed4fb654,ikrvb1,2025-01-11,19:09:38,-08:00,2025-01-11T19:09:38-08:00,0,7
resume/index.html,13,html,ed4fb654,ikrvb1,2025-01-11,19:09:38,-08:00,2025-01-11T19:09:38-08:00,0,22
resume/index.html,14,html,ed4fb654,ikrvb1,2025-01-11,19:09:38,-08:00,2025-01-11T19:09:38-08:00,0,24
resume/index.html,15,html,ed4fb654,ikrvb1,2025-01-11,19:09:38,-08:00,2025-01-11T19:09:38-08:00,0,34
resume/index.html,16,html,ed4fb654,ikrvb1,2025-01-11,19:09:38,-08:00,2025-01-11T19:09:38-08:00,0,29
resume/index.html,17,html,ed4fb654,ikrvb1,2025-01-11,19:09:38,-08:00,2025-01-11T19:09:38-08:00,0,33
resume/index.html,18,html,ed4fb654,ikrvb1,2025-01-11,19:09:38,-08:00,2025-01-11T19:09:38-08:00,0,4
resume/index.html,19,html,ed4fb654,ikrvb1,2025-01-11,19:09:38,-08:00,2025-01-11T19:09:38-08:00,0,8
resume/index.html,20,html,ed4fb654,ikrvb1,2025-01-11,19:09:38,-08:00,2025-01-11T19:09:38-08:00,0,0
resume/index.html,21,html,ed4fb654,ikrvb1,2025-01-11,19:09:38,-08:00,2025-01-11T19:09:38-08:00,0,24
resume/index.html,22,html,ed4fb654,ikrvb1,2025-01-11,19:09:38,-08:00,2025-01-11T19:09:38-08:00,0,17
resume/index.html,23,html,ed4fb654,ikrvb1,2025-01-11,19:09:38,-08:00,2025-01-11T19:09:38-08:00,0,21
resume/index.html,24,html,ed4fb654,ikrvb1,2025-01-11,19:09:38,-08:00,2025-01-11T19:09:38-08:00,0,3
resume/index.html,25,html,ed4fb654,ikrvb1,2025-01-11,19:09:38,-08:00,2025-01-11T19:09:38-08:00,0,43
resume/index.html,26,html,ed4fb654,ikrvb1,2025-01-11,19:09:38,-08:00,2025-01-11T19:09:38-08:00,0,76
resume/index.html,27,html,ed4fb654,ikrvb1,2025-01-11,19:09:38,-08:00,2025-01-11T19:09:38-08:00,0,4
resume/index.html,28,html,ed4fb654,ikrvb1,2025-01-11,19:09:38,-08:00,2025-01-11T19:09:38-08:00,0,3
resume/index.html,29,html,ed4fb654,ikrvb1,2025-01-11,19:09:38,-08:00,2025-01-11T19:09:38-08:00,0,27
resume/index.html,30,html,ed4fb654,ikrvb1,2025-01-11,19:09:38,-08:00,2025-01-11T19:09:38-08:00,0,68
resume/index.html,31,html,ed4fb654,ikrvb1,2025-01-11,19:09:38,-08:00,2025-01-11T19:09:38-08:00,0,4
resume/index.html,32,html,ed4fb654,ikrvb1,2025-01-11,19:09:38,-08:00,2025-01-11T19:09:38-08:00,0,4
resume/index.html,33,html,ed4fb654,ikrvb1,2025-01-11,19:09:38,-08:00,2025-01-11T19:09:38-08:00,0,9
resume/index.html,34,html,ed4fb654,ikrvb1,2025-01-11,19:09:38,-08:00,2025-01-11T19:09:38-08:00,0,0
resume/index.html,35,html,ed4fb654,ikrvb1,2025-01-11,19:09:38,-08:00,2025-01-11T19:09:38-08:00,0,24
resume/index.html,36,html,ed4fb654,ikrvb1,2025-01-11,19:09:38,-08:00,2025-01-11T19:09:38-08:00,0,15
resume/index.html,37,html,ed4fb654,ikrvb1,2025-01-11,19:09:38,-08:00,2025-01-11T19:09:38-08:00,0,468
resume/index.html,38,html,ed4fb654,ikrvb1,2025-01-11,19:09:38,-08:00,2025-01-11T19:09:38-08:00,0,9
resume/index.html,39,html,ed4fb654,ikrvb1,2025-01-11,19:09:38,-08:00,2025-01-11T19:09:38-08:00,0,0
resume/index.html,40,html,ed4fb654,ikrvb1,2025-01-11,19:09:38,-08:00,2025-01-11T19:09:38-08:00,0,24
resume/index.html,41,html,ed4fb654,ikrvb1,2025-01-11,19:09:38,-08:00,2025-01-11T19:09:38-08:00,0,14
resume/index.html,42,html,ed4fb654,ikrvb1,2025-01-11,19:09:38,-08:00,2025-01-11T19:09:38-08:00,0,18
resume/index.html,43,html,ed4fb654,ikrvb1,2025-01-11,19:09:38,-08:00,2025-01-11T19:09:38-08:00,0,26
resume/index.html,44,html,ed4fb654,ikrvb1,2025-01-11,19:09:38,-08:00,2025-01-11T19:09:38-08:00,0,25
resume/index.html,45,html,ed4fb654,ikrvb1,2025-01-11,19:09:38,-08:00,2025-01-11T19:09:38-08:00,0,27
resume/index.html,46,html,ed4fb654,ikrvb1,2025-01-11,19:09:38,-08:00,2025-01-11T19:09:38-08:00,0,20
resume/index.html,47,html,ed4fb654,ikrvb1,2025-01-11,19:09:38,-08:00,2025-01-11T19:09:38-08:00,0,27
resume/index.html,48,html,ed4fb654,ikrvb1,2025-01-11,19:09:38,-08:00,2025-01-11T19:09:38-08:00,0,27
resume/index.html,49,html,ed4fb654,ikrvb1,2025-01-11,19:09:38,-08:00,2025-01-11T19:09:38-08:00,0,4
resume/index.html,50,html,ed4fb654,ikrvb1,2025-01-11,19:09:38,-08:00,2025-01-11T19:09:38-08:00,0,9
resume/index.html,51,html,ed4fb654,ikrvb1,2025-01-11,19:09:38,-08:00,2025-01-11T19:09:38-08:00,0,0
resume/index.html,52,html,ed4fb654,ikrvb1,2025-01-11,19:09:38,-08:00,2025-01-11T19:09:38-08:00,0,24
resume/index.html,53,html,ed4fb654,ikrvb1,2025-01-11,19:09:38,-08:00,2025-01-11T19:09:38-08:00,0,31
resume/index.html,54,html,ed4fb654,ikrvb1,2025-01-11,19:09:38,-08:00,2025-01-11T19:09:38-08:00,0,22
resume/index.html,55,html,ed4fb654,ikrvb1,2025-01-11,19:09:38,-08:00,2025-01-11T19:09:38-08:00,0,3
resume/index.html,56,html,ed4fb654,ikrvb1,2025-01-11,19:09:38,-08:00,2025-01-11T19:09:38-08:00,0,56
resume/index.html,57,html,ed4fb654,ikrvb1,2025-01-11,19:09:38,-08:00,2025-01-11T19:09:38-08:00,0,28
resume/index.html,58,html,ed4fb654,ikrvb1,2025-01-11,19:09:38,-08:00,2025-01-11T19:09:38-08:00,0,3
resume/index.html,59,html,ed4fb654,ikrvb1,2025-01-11,19:09:38,-08:00,2025-01-11T19:09:38-08:00,0,153
resume/index.html,60,html,ed4fb654,ikrvb1,2025-01-11,19:09:38,-08:00,2025-01-11T19:09:38-08:00,0,123
resume/index.html,61,html,ed4fb654,ikrvb1,2025-01-11,19:09:38,-08:00,2025-01-11T19:09:38-08:00,0,4
resume/index.html,62,html,ed4fb654,ikrvb1,2025-01-11,19:09:38,-08:00,2025-01-11T19:09:38-08:00,0,4
resume/index.html,63,html,ed4fb654,ikrvb1,2025-01-11,19:09:38,-08:00,2025-01-11T19:09:38-08:00,0,3
resume/index.html,64,html,ed4fb654,ikrvb1,2025-01-11,19:09:38,-08:00,2025-01-11T19:09:38-08:00,0,47
resume/index.html,65,html,ed4fb654,ikrvb1,2025-01-11,19:09:38,-08:00,2025-01-11T19:09:38-08:00,0,35
resume/index.html,66,html,ed4fb654,ikrvb1,2025-01-11,19:09:38,-08:00,2025-01-11T19:09:38-08:00,0,3
resume/index.html,67,html,ed4fb654,ikrvb1,2025-01-11,19:09:38,-08:00,2025-01-11T19:09:38-08:00,0,170
resume/index.html,68,html,ed4fb654,ikrvb1,2025-01-11,19:09:38,-08:00,2025-01-11T19:09:38-08:00,0,170
resume/index.html,69,html,ed4fb654,ikrvb1,2025-01-11,19:09:38,-08:00,2025-01-11T19:09:38-08:00,0,161
resume/index.html,70,html,ed4fb654,ikrvb1,2025-01-11,19:09:38,-08:00,2025-01-11T19:09:38-08:00,0,4
resume/index.html,71,html,ed4fb654,ikrvb1,2025-01-11,19:09:38,-08:00,2025-01-11T19:09:38-08:00,0,4
resume/index.html,72,html,ed4fb654,ikrvb1,2025-01-11,19:09:38,-08:00,2025-01-11T19:09:38-08:00,0,4
resume/index.html,73,html,ed4fb654,ikrvb1,2025-01-11,19:09:38,-08:00,2025-01-11T19:09:38-08:00,0,9
resume/index.html,74,html,ed4fb654,ikrvb1,2025-01-11,19:09:38,-08:00,2025-01-11T19:09:38-08:00,0,0
resume/index.html,75,html,ed4fb654,ikrvb1,2025-01-11,19:09:38,-08:00,2025-01-11T19:09:38-08:00,0,24
resume/index.html,76,html,ed4fb654,ikrvb1,2025-01-11,19:09:38,-08:00,2025-01-11T19:09:38-08:00,0,17
resume/index.html,77,html,ed4fb654,ikrvb1,2025-01-11,19:09:38,-08:00,2025-01-11T19:09:38-08:00,0,21
resume/index.html,78,html,ed4fb654,ikrvb1,2025-01-11,19:09:38,-08:00,2025-01-11T19:09:38-08:00,0,36
resume/index.html,79,html,ed4fb654,ikrvb1,2025-01-11,19:09:38,-08:00,2025-01-11T19:09:38-08:00,0,36
resume/index.html,80,html,ed4fb654,ikrvb1,2025-01-11,19:09:38,-08:00,2025-01-11T19:09:38-08:00,0,36
resume/index.html,81,html,ed4fb654,ikrvb1,2025-01-11,19:09:38,-08:00,2025-01-11T19:09:38-08:00,0,4
resume/index.html,82,html,ed4fb654,ikrvb1,2025-01-11,19:09:38,-08:00,2025-01-11T19:09:38-08:00,0,9
resume/index.html,83,html,ed4fb654,ikrvb1,2025-01-11,19:09:38,-08:00,2025-01-11T19:09:38-08:00,0,6
resume/index.html,84,html,ed4fb654,ikrvb1,2025-01-11,19:09:38,-08:00,2025-01-11T19:09:38-08:00,0,6
projects/projects.js,1,js,0ab88ab7,ikrvb1,2025-02-01,21:51:00,-08:00,2025-02-01T21:51:00-08:00,0,56
projects/projects.js,2,js,8a584752,ikrvb1,2025-02-07,15:17:43,-08:00,2025-02-07T15:17:43-08:00,0,64
projects/projects.js,3,js,0ab88ab7,ikrvb1,2025-02-01,21:51:00,-08:00,2025-02-01T21:51:00-08:00,0,0
projects/projects.js,4,js,0ab88ab7,ikrvb1,2025-02-01,21:51:00,-08:00,2025-02-01T21:51:00-08:00,0,56
projects/projects.js,5,js,0ab88ab7,ikrvb1,2025-02-01,21:51:00,-08:00,2025-02-01T21:51:00-08:00,0,61
projects/projects.js,6,js,35560b30,ikrvb1,2025-02-07,23:10:12,-08:00,2025-02-07T23:10:12-08:00,0,56
projects/projects.js,7,js,35560b30,ikrvb1,2025-02-07,23:10:12,-08:00,2025-02-07T23:10:12-08:00,0,0
projects/projects.js,8,js,0ab88ab7,ikrvb1,2025-02-01,21:51:00,-08:00,2025-02-01T21:51:00-08:00,0,49
projects/projects.js,9,js,0ab88ab7,ikrvb1,2025-02-01,21:51:00,-08:00,2025-02-01T21:51:00-08:00,0,0
projects/projects.js,10,js,0ab88ab7,ikrvb1,2025-02-01,21:51:00,-08:00,2025-02-01T21:51:00-08:00,0,41
projects/projects.js,11,js,0ab88ab7,ikrvb1,2025-02-01,21:51:00,-08:00,2025-02-01T21:51:00-08:00,0,46
projects/projects.js,12,js,0ab88ab7,ikrvb1,2025-02-01,21:51:00,-08:00,2025-02-01T21:51:00-08:00,0,63
projects/projects.js,13,js,0ab88ab7,ikrvb1,2025-02-01,21:51:00,-08:00,2025-02-01T21:51:00-08:00,0,19
projects/projects.js,14,js,0ab88ab7,ikrvb1,2025-02-01,21:51:00,-08:00,2025-02-01T21:51:00-08:00,0,57
projects/projects.js,15,js,0ab88ab7,ikrvb1,2025-02-01,21:51:00,-08:00,2025-02-01T21:51:00-08:00,0,0
projects/projects.js,16,js,8a584752,ikrvb1,2025-02-07,15:17:43,-08:00,2025-02-07T15:17:43-08:00,0,0
projects/projects.js,17,js,8a584752,ikrvb1,2025-02-07,15:17:43,-08:00,2025-02-07T15:17:43-08:00,0,0
projects/projects.js,18,js,3bd780d8,ikrvb1,2025-02-07,23:31:30,-08:00,2025-02-07T23:31:30-08:00,0,22
projects/projects.js,19,js,3bd780d8,ikrvb1,2025-02-07,23:31:30,-08:00,2025-02-07T23:31:30-08:00,0,0
projects/projects.js,20,js,35560b30,ikrvb1,2025-02-07,23:10:12,-08:00,2025-02-07T23:10:12-08:00,0,39
projects/projects.js,21,js,35560b30,ikrvb1,2025-02-07,23:10:12,-08:00,2025-02-07T23:10:12-08:00,0,40
projects/projects.js,22,js,35560b30,ikrvb1,2025-02-07,23:10:12,-08:00,2025-02-07T23:10:12-08:00,0,44
projects/projects.js,23,js,8a584752,ikrvb1,2025-02-07,15:17:43,-08:00,2025-02-07T15:17:43-08:00,0,0
projects/projects.js,24,js,35560b30,ikrvb1,2025-02-07,23:10:12,-08:00,2025-02-07T23:10:12-08:00,0,27
projects/projects.js,25,js,35560b30,ikrvb1,2025-02-07,23:10:12,-08:00,2025-02-07T23:10:12-08:00,0,13
projects/projects.js,26,js,35560b30,ikrvb1,2025-02-07,23:10:12,-08:00,2025-02-07T23:10:12-08:00,0,15
projects/projects.js,27,js,35560b30,ikrvb1,2025-02-07,23:10:12,-08:00,2025-02-07T23:10:12-08:00,0,13
projects/projects.js,28,js,35560b30,ikrvb1,2025-02-07,23:10:12,-08:00,2025-02-07T23:10:12-08:00,0,1
projects/projects.js,29,js,b0c05352,ikrvb1,2025-02-07,22:12:38,-08:00,2025-02-07T22:12:38-08:00,0,0
projects/projects.js,30,js,35560b30,ikrvb1,2025-02-07,23:10:12,-08:00,2025-02-07T23:10:12-08:00,0,46
projects/projects.js,31,js,35560b30,ikrvb1,2025-02-07,23:10:12,-08:00,2025-02-07T23:10:12-08:00,0,12
projects/projects.js,32,js,35560b30,ikrvb1,2025-02-07,23:10:12,-08:00,2025-02-07T23:10:12-08:00,0,10
projects/projects.js,33,js,35560b30,ikrvb1,2025-02-07,23:10:12,-08:00,2025-02-07T23:10:12-08:00,0,3
projects/projects.js,34,js,b0c05352,ikrvb1,2025-02-07,22:12:38,-08:00,2025-02-07T22:12:38-08:00,0,0
projects/projects.js,35,js,35560b30,ikrvb1,2025-02-07,23:10:12,-08:00,2025-02-07T23:10:12-08:00,0,51
projects/projects.js,36,js,35560b30,ikrvb1,2025-02-07,23:10:12,-08:00,2025-02-07T23:10:12-08:00,0,58
projects/projects.js,37,js,b0c05352,ikrvb1,2025-02-07,22:12:38,-08:00,2025-02-07T22:12:38-08:00,0,0
projects/projects.js,38,js,35560b30,ikrvb1,2025-02-07,23:10:12,-08:00,2025-02-07T23:10:12-08:00,0,34
projects/projects.js,39,js,35560b30,ikrvb1,2025-02-07,23:10:12,-08:00,2025-02-07T23:10:12-08:00,0,48
projects/projects.js,40,js,b0c05352,ikrvb1,2025-02-07,22:12:38,-08:00,2025-02-07T22:12:38-08:00,0,0
projects/projects.js,41,js,35560b30,ikrvb1,2025-02-07,23:10:12,-08:00,2025-02-07T23:10:12-08:00,0,26
projects/projects.js,42,js,3bd780d8,ikrvb1,2025-02-07,23:31:30,-08:00,2025-02-07T23:31:30-08:00,0,30
projects/projects.js,43,js,8a584752,ikrvb1,2025-02-07,15:17:43,-08:00,2025-02-07T15:17:43-08:00,0,0
projects/projects.js,44,js,35560b30,ikrvb1,2025-02-07,23:10:12,-08:00,2025-02-07T23:10:12-08:00,0,28
projects/projects.js,45,js,3bd780d8,ikrvb1,2025-02-07,23:31:30,-08:00,2025-02-07T23:31:30-08:00,0,2
projects/projects.js,46,js,3bd780d8,ikrvb1,2025-02-07,23:31:30,-08:00,2025-02-07T23:31:30-08:00,0,14
projects/projects.js,47,js,3bd780d8,ikrvb1,2025-02-07,23:31:30,-08:00,2025-02-07T23:31:30-08:00,0,26
projects/projects.js,48,js,3bd780d8,ikrvb1,2025-02-07,23:31:30,-08:00,2025-02-07T23:31:30-08:00,0,25
projects/projects.js,49,js,3bd780d8,ikrvb1,2025-02-07,23:31:30,-08:00,2025-02-07T23:31:30-08:00,0,81
projects/projects.js,50,js,3bd780d8,ikrvb1,2025-02-07,23:31:30,-08:00,2025-02-07T23:31:30-08:00,0,49
projects/projects.js,51,js,3bd780d8,ikrvb1,2025-02-07,23:31:30,-08:00,2025-02-07T23:31:30-08:00,0,19
projects/projects.js,52,js,3bd780d8,ikrvb1,2025-02-07,23:31:30,-08:00,2025-02-07T23:31:30-08:00,0,68
projects/projects.js,53,js,3bd780d8,ikrvb1,2025-02-07,23:31:30,-08:00,2025-02-07T23:31:30-08:00,0,0
projects/projects.js,54,js,3bd780d8,ikrvb1,2025-02-07,23:31:30,-08:00,2025-02-07T23:31:30-08:00,0,14
projects/projects.js,55,js,3bd780d8,ikrvb1,2025-02-07,23:31:30,-08:00,2025-02-07T23:31:30-08:00,0,44
projects/projects.js,56,js,3bd780d8,ikrvb1,2025-02-07,23:31:30,-08:00,2025-02-07T23:31:30-08:00,0,36
projects/projects.js,57,js,3bd780d8,ikrvb1,2025-02-07,23:31:30,-08:00,2025-02-07T23:31:30-08:00,0,1
projects/projects.js,58,js,3bd780d8,ikrvb1,2025-02-07,23:31:30,-08:00,2025-02-07T23:31:30-08:00,0,0
projects/projects.js,59,js,3bd780d8,ikrvb1,2025-02-07,23:31:30,-08:00,2025-02-07T23:31:30-08:00,0,15
projects/projects.js,60,js,3bd780d8,ikrvb1,2025-02-07,23:31:30,-08:00,2025-02-07T23:31:30-08:00,0,45
projects/projects.js,61,js,3bd780d8,ikrvb1,2025-02-07,23:31:30,-08:00,2025-02-07T23:31:30-08:00,0,36
projects/projects.js,62,js,3bd780d8,ikrvb1,2025-02-07,23:31:30,-08:00,2025-02-07T23:31:30-08:00,0,1
projects/projects.js,63,js,3bd780d8,ikrvb1,2025-02-07,23:31:30,-08:00,2025-02-07T23:31:30-08:00,0,0
projects/projects.js,64,js,3bd780d8,ikrvb1,2025-02-07,23:31:30,-08:00,2025-02-07T23:31:30-08:00,0,26
projects/projects.js,65,js,3bd780d8,ikrvb1,2025-02-07,23:31:30,-08:00,2025-02-07T23:31:30-08:00,0,49
projects/projects.js,66,js,3bd780d8,ikrvb1,2025-02-07,23:31:30,-08:00,2025-02-07T23:31:30-08:00,0,7
projects/projects.js,67,js,3bd780d8,ikrvb1,2025-02-07,23:31:30,-08:00,2025-02-07T23:31:30-08:00,0,44
projects/projects.js,68,js,3bd780d8,ikrvb1,2025-02-07,23:31:30,-08:00,2025-02-07T23:31:30-08:00,0,80
projects/projects.js,69,js,3bd780d8,ikrvb1,2025-02-07,23:31:30,-08:00,2025-02-07T23:31:30-08:00,0,57
projects/projects.js,70,js,3bd780d8,ikrvb1,2025-02-07,23:31:30,-08:00,2025-02-07T23:31:30-08:00,0,0
projects/projects.js,71,js,3bd780d8,ikrvb1,2025-02-07,23:31:30,-08:00,2025-02-07T23:31:30-08:00,0,2
projects/projects.js,72,js,35560b30,ikrvb1,2025-02-07,23:10:12,-08:00,2025-02-07T23:10:12-08:00,0,2
projects/projects.js,73,js,8a584752,ikrvb1,2025-02-07,15:17:43,-08:00,2025-02-07T15:17:43-08:00,0,0
projects/projects.js,74,js,35560b30,ikrvb1,2025-02-07,23:10:12,-08:00,2025-02-07T23:10:12-08:00,0,33
projects/projects.js,75,js,35560b30,ikrvb1,2025-02-07,23:10:12,-08:00,2025-02-07T23:10:12-08:00,0,25
projects/projects.js,76,js,cf107f43,ikrvb1,2025-02-07,15:49:45,-08:00,2025-02-07T15:49:45-08:00,0,18
projects/projects.js,77,js,35560b30,ikrvb1,2025-02-07,23:10:12,-08:00,2025-02-07T23:10:12-08:00,0,39
projects/projects.js,78,js,3bd780d8,ikrvb1,2025-02-07,23:31:30,-08:00,2025-02-07T23:31:30-08:00,0,81
projects/projects.js,79,js,35560b30,ikrvb1,2025-02-07,23:10:12,-08:00,2025-02-07T23:10:12-08:00,0,70
projects/projects.js,80,js,35560b30,ikrvb1,2025-02-07,23:10:12,-08:00,2025-02-07T23:10:12-08:00,0,2
projects/projects.js,81,js,35560b30,ikrvb1,2025-02-07,23:10:12,-08:00,2025-02-07T23:10:12-08:00,0,0
projects/projects.js,82,js,35560b30,ikrvb1,2025-02-07,23:10:12,-08:00,2025-02-07T23:10:12-08:00,0,0
projects/projects.js,83,js,35560b30,ikrvb1,2025-02-07,23:10:12,-08:00,2025-02-07T23:10:12-08:00,0,24
projects/projects.js,84,js,35560b30,ikrvb1,2025-02-07,23:10:12,-08:00,2025-02-07T23:10:12-08:00,0,0
projects/projects.js,85,js,35560b30,ikrvb1,2025-02-07,23:10:12,-08:00,2025-02-07T23:10:12-08:00,0,49
projects/projects.js,86,js,35560b30,ikrvb1,2025-02-07,23:10:12,-08:00,2025-02-07T23:10:12-08:00,0,44
projects/projects.js,87,js,35560b30,ikrvb1,2025-02-07,23:10:12,-08:00,2025-02-07T23:10:12-08:00,0,0
projects/projects.js,88,js,35560b30,ikrvb1,2025-02-07,23:10:12,-08:00,2025-02-07T23:10:12-08:00,0,52
projects/projects.js,89,js,35560b30,ikrvb1,2025-02-07,23:10:12,-08:00,2025-02-07T23:10:12-08:00,0,69
projects/projects.js,90,js,35560b30,ikrvb1,2025-02-07,23:10:12,-08:00,2025-02-07T23:10:12-08:00,0,2
projects/projects.js,91,js,35560b30,ikrvb1,2025-02-07,23:10:12,-08:00,2025-02-07T23:10:12-08:00,0,0
projects/projects.js,92,js,35560b30,ikrvb1,2025-02-07,23:10:12,-08:00,2025-02-07T23:10:12-08:00,0,57
projects/projects.js,93,js,35560b30,ikrvb1,2025-02-07,23:10:12,-08:00,2025-02-07T23:10:12-08:00,0,32
projects/projects.js,94,js,35560b30,ikrvb1,2025-02-07,23:10:12,-08:00,2025-02-07T23:10:12-08:00,0,2
projects/projects.js,95,js,3bd780d8,ikrvb1,2025-02-07,23:31:30,-08:00,2025-02-07T23:31:30-08:00,0,0
projects/index.html,1,html,a7a07fb5,ikrvb1,2025-01-11,13:59:36,-08:00,2025-01-11T13:59:36-08:00,0,14
projects/index.html,2,html,a7a07fb5,ikrvb1,2025-01-11,13:59:36,-08:00,2025-01-11T13:59:36-08:00,0,15
projects/index.html,3,html,a7a07fb5,ikrvb1,2025-01-11,13:59:36,-08:00,2025-01-11T13:59:36-08:00,0,5
projects/index.html,4,html,a7a07fb5,ikrvb1,2025-01-11,13:59:36,-08:00,2025-01-11T13:59:36-08:00,0,21
projects/index.html,5,html,a7a07fb5,ikrvb1,2025-01-11,13:59:36,-08:00,2025-01-11T13:59:36-08:00,0,69
projects/index.html,6,html,a7a07fb5,ikrvb1,2025-01-11,13:59:36,-08:00,2025-01-11T13:59:36-08:00,0,22
projects/index.html,7,html,085d1c86,ikrvb1,2025-01-25,00:50:36,-08:00,2025-01-25T00:50:36-08:00,0,42
projects/index.html,8,html,0ab88ab7,ikrvb1,2025-02-01,21:51:00,-08:00,2025-02-01T21:51:00-08:00,0,49
projects/index.html,9,html,0ab88ab7,ikrvb1,2025-02-01,21:51:00,-08:00,2025-02-01T21:51:00-08:00,0,48
projects/index.html,10,html,9d582207,ikrvb1,2025-02-01,22:41:17,-08:00,2025-02-01T22:41:17-08:00,0,0
projects/index.html,11,html,ed4fb654,ikrvb1,2025-01-11,19:09:38,-08:00,2025-01-11T19:09:38-08:00,0,6
projects/index.html,12,html,ed4fb654,ikrvb1,2025-01-11,19:09:38,-08:00,2025-01-11T19:09:38-08:00,0,5
projects/index.html,13,html,8a584752,ikrvb1,2025-02-07,15:17:43,-08:00,2025-02-07T15:17:43-08:00,0,0
projects/index.html,14,html,0ab88ab7,ikrvb1,2025-02-01,21:51:00,-08:00,2025-02-01T21:51:00-08:00,0,42
projects/index.html,15,html,cf107f43,ikrvb1,2025-02-07,15:49:45,-08:00,2025-02-07T15:49:45-08:00,0,22
projects/index.html,16,html,cf107f43,ikrvb1,2025-02-07,15:49:45,-08:00,2025-02-07T15:49:45-08:00,0,49
projects/index.html,17,html,cf107f43,ikrvb1,2025-02-07,15:49:45,-08:00,2025-02-07T15:49:45-08:00,0,5
projects/index.html,18,html,cf107f43,ikrvb1,2025-02-07,15:49:45,-08:00,2025-02-07T15:49:45-08:00,0,23
projects/index.html,19,html,cf107f43,ikrvb1,2025-02-07,15:49:45,-08:00,2025-02-07T15:49:45-08:00,0,5
projects/index.html,20,html,35560b30,ikrvb1,2025-02-07,23:10:12,-08:00,2025-02-07T23:10:12-08:00,0,5
projects/index.html,21,html,35560b30,ikrvb1,2025-02-07,23:10:12,-08:00,2025-02-07T23:10:12-08:00,0,16
projects/index.html,22,html,35560b30,ikrvb1,2025-02-07,23:10:12,-08:00,2025-02-07T23:10:12-08:00,0,12
projects/index.html,23,html,35560b30,ikrvb1,2025-02-07,23:10:12,-08:00,2025-02-07T23:10:12-08:00,0,27
projects/index.html,24,html,35560b30,ikrvb1,2025-02-07,23:10:12,-08:00,2025-02-07T23:10:12-08:00,0,34
projects/index.html,25,html,e9610e3c,ikrvb1,2025-02-01,23:48:36,-08:00,2025-02-01T23:48:36-08:00,0,27
projects/index.html,26,html,9d582207,ikrvb1,2025-02-01,22:41:17,-08:00,2025-02-01T22:41:17-08:00,0,0
projects/index.html,27,html,a7a07fb5,ikrvb1,2025-01-11,13:59:36,-08:00,2025-01-11T13:59:36-08:00,0,6
projects/index.html,28,html,a7a07fb5,ikrvb1,2025-01-11,13:59:36,-08:00,2025-01-11T13:59:36-08:00,0,6
meta/main.js,1,js,6b2395ed,ikrvb1,2025-03-07,00:02:39,-08:00,2025-03-07T00:02:39-08:00,0,13
meta/main.js,2,js,6b2395ed,ikrvb1,2025-03-07,00:02:39,-08:00,2025-03-07T00:02:39-08:00,0,16
meta/main.js,3,js,e11faf73,ikrvb1,2025-03-07,13:06:29,-08:00,2025-03-07T13:06:29-08:00,0,25
meta/main.js,4,js,6b2395ed,ikrvb1,2025-03-07,00:02:39,-08:00,2025-03-07T00:02:39-08:00,0,0
meta/main.js,5,js,6b2395ed,ikrvb1,2025-03-07,00:02:39,-08:00,2025-03-07T00:02:39-08:00,0,26
meta/main.js,6,js,6b2395ed,ikrvb1,2025-03-07,00:02:39,-08:00,2025-03-07T00:02:39-08:00,0,41
meta/main.js,7,js,6b2395ed,ikrvb1,2025-03-07,00:02:39,-08:00,2025-03-07T00:02:39-08:00,0,6
meta/main.js,8,js,e11faf73,ikrvb1,2025-03-07,13:06:29,-08:00,2025-03-07T13:06:29-08:00,0,22
meta/main.js,9,js,6b2395ed,ikrvb1,2025-03-07,00:02:39,-08:00,2025-03-07T00:02:39-08:00,0,24
meta/main.js,10,js,6b2395ed,ikrvb1,2025-03-07,00:02:39,-08:00,2025-03-07T00:02:39-08:00,0,26
meta/main.js,11,js,6b2395ed,ikrvb1,2025-03-07,00:02:39,-08:00,2025-03-07T00:02:39-08:00,0,50
meta/main.js,12,js,6b2395ed,ikrvb1,2025-03-07,00:02:39,-08:00,2025-03-07T00:02:39-08:00,0,32
meta/main.js,13,js,6b2395ed,ikrvb1,2025-03-07,00:02:39,-08:00,2025-03-07T00:02:39-08:00,0,3
meta/main.js,14,js,6b2395ed,ikrvb1,2025-03-07,00:02:39,-08:00,2025-03-07T00:02:39-08:00,0,0
meta/main.js,15,js,e11faf73,ikrvb1,2025-03-07,13:06:29,-08:00,2025-03-07T13:06:29-08:00,0,53
meta/main.js,16,js,e11faf73,ikrvb1,2025-03-07,13:06:29,-08:00,2025-03-07T13:06:29-08:00,0,14
meta/main.js,17,js,e11faf73,ikrvb1,2025-03-07,13:06:29,-08:00,2025-03-07T13:06:29-08:00,0,14
meta/main.js,18,js,e11faf73,ikrvb1,2025-03-07,13:06:29,-08:00,2025-03-07T13:06:29-08:00,0,19
meta/main.js,19,js,6b2395ed,ikrvb1,2025-03-07,00:02:39,-08:00,2025-03-07T00:02:39-08:00,0,0
meta/main.js,20,js,6b2395ed,ikrvb1,2025-03-07,00:02:39,-08:00,2025-03-07T00:02:39-08:00,0,0
meta/main.js,21,js,6b2395ed,ikrvb1,2025-03-07,00:02:39,-08:00,2025-03-07T00:02:39-08:00,0,58
meta/main.js,22,js,6b2395ed,ikrvb1,2025-03-07,00:02:39,-08:00,2025-03-07T00:02:39-08:00,0,16
meta/main.js,23,js,6b2395ed,ikrvb1,2025-03-07,00:02:39,-08:00,2025-03-07T00:02:39-08:00,0,2
meta/main.js,24,js,6b2395ed,ikrvb1,2025-03-07,00:02:39,-08:00,2025-03-07T00:02:39-08:00,0,0
meta/main.js,25,js,6b2395ed,ikrvb1,2025-03-07,00:02:39,-08:00,2025-03-07T00:02:39-08:00,0,26
meta/main.js,26,js,e11faf73,ikrvb1,2025-03-07,13:06:29,-08:00,2025-03-07T13:06:29-08:00,0,68
meta/main.js,27,js,e11faf73,ikrvb1,2025-03-07,13:06:29,-08:00,2025-03-07T13:06:29-08:00,0,20
meta/main.js,28,js,e11faf73,ikrvb1,2025-03-07,13:06:29,-08:00,2025-03-07T13:06:29-08:00,0,39
meta/main.js,29,js,e11faf73,ikrvb1,2025-03-07,13:06:29,-08:00,2025-03-07T13:06:29-08:00,0,65
meta/main.js,30,js,e11faf73,ikrvb1,2025-03-07,13:06:29,-08:00,2025-03-07T13:06:29-08:00,0,0
meta/main.js,31,js,e11faf73,ikrvb1,2025-03-07,13:06:29,-08:00,2025-03-07T13:06:29-08:00,0,10
meta/main.js,32,js,e11faf73,ikrvb1,2025-03-07,13:06:29,-08:00,2025-03-07T13:06:29-08:00,0,10
meta/main.js,33,js,e11faf73,ikrvb1,2025-03-07,13:06:29,-08:00,2025-03-07T13:06:29-08:00,0,60
meta/main.js,34,js,e11faf73,ikrvb1,2025-03-07,13:06:29,-08:00,2025-03-07T13:06:29-08:00,0,20
meta/main.js,35,js,e11faf73,ikrvb1,2025-03-07,13:06:29,-08:00,2025-03-07T13:06:29-08:00,0,16
meta/main.js,36,js,e11faf73,ikrvb1,2025-03-07,13:06:29,-08:00,2025-03-07T13:06:29-08:00,0,16
meta/main.js,37,js,e11faf73,ikrvb1,2025-03-07,13:06:29,-08:00,2025-03-07T13:06:29-08:00,0,24
meta/main.js,38,js,e11faf73,ikrvb1,2025-03-07,13:06:29,-08:00,2025-03-07T13:06:29-08:00,0,8
meta/main.js,39,js,e11faf73,ikrvb1,2025-03-07,13:06:29,-08:00,2025-03-07T13:06:29-08:00,0,58
meta/main.js,40,js,e11faf73,ikrvb1,2025-03-07,13:06:29,-08:00,2025-03-07T13:06:29-08:00,0,24
meta/main.js,41,js,e11faf73,ikrvb1,2025-03-07,13:06:29,-08:00,2025-03-07T13:06:29-08:00,0,1
meta/main.js,42,js,e11faf73,ikrvb1,2025-03-07,13:06:29,-08:00,2025-03-07T13:06:29-08:00,0,0
meta/main.js,43,js,e11faf73,ikrvb1,2025-03-07,13:06:29,-08:00,2025-03-07T13:06:29-08:00,0,36
meta/main.js,44,js,e11faf73,ikrvb1,2025-03-07,13:06:29,-08:00,2025-03-07T13:06:29-08:00,0,12
meta/main.js,45,js,e11faf73,ikrvb1,2025-03-07,13:06:29,-08:00,2025-03-07T13:06:29-08:00,0,19
meta/main.js,46,js,e11faf73,ikrvb1,2025-03-07,13:06:29,-08:00,2025-03-07T13:06:29-08:00,0,15
meta/main.js,47,js,e11faf73,ikrvb1,2025-03-07,13:06:29,-08:00,2025-03-07T13:06:29-08:00,0,15
meta/main.js,48,js,6b2395ed,ikrvb1,2025-03-07,00:02:39,-08:00,2025-03-07T00:02:39-08:00,0,2
meta/main.js,49,js,e11faf73,ikrvb1,2025-03-07,13:06:29,-08:00,2025-03-07T13:06:29-08:00,0,0
meta/main.js,50,js,e11faf73,ikrvb1,2025-03-07,13:06:29,-08:00,2025-03-07T13:06:29-08:00,0,10
meta/main.js,51,js,e11faf73,ikrvb1,2025-03-07,13:06:29,-08:00,2025-03-07T13:06:29-08:00,0,2
meta/main.js,52,js,6b2395ed,ikrvb1,2025-03-07,00:02:39,-08:00,2025-03-07T00:02:39-08:00,0,0
meta/main.js,53,js,6b2395ed,ikrvb1,2025-03-07,00:02:39,-08:00,2025-03-07T00:02:39-08:00,0,0
meta/main.js,54,js,6b2395ed,ikrvb1,2025-03-07,00:02:39,-08:00,2025-03-07T00:02:39-08:00,0,24
meta/main.js,55,js,6b2395ed,ikrvb1,2025-03-07,00:02:39,-08:00,2025-03-07T00:02:39-08:00,0,66
meta/main.js,56,js,6b2395ed,ikrvb1,2025-03-07,00:02:39,-08:00,2025-03-07T00:02:39-08:00,0,0
meta/main.js,57,js,6b2395ed,ikrvb1,2025-03-07,00:02:39,-08:00,2025-03-07T00:02:39-08:00,0,68
meta/main.js,58,js,6b2395ed,ikrvb1,2025-03-07,00:02:39,-08:00,2025-03-07T00:02:39-08:00,0,33
meta/main.js,59,js,6b2395ed,ikrvb1,2025-03-07,00:02:39,-08:00,2025-03-07T00:02:39-08:00,0,0
meta/main.js,60,js,6b2395ed,ikrvb1,2025-03-07,00:02:39,-08:00,2025-03-07T00:02:39-08:00,0,31
meta/main.js,61,js,6b2395ed,ikrvb1,2025-03-07,00:02:39,-08:00,2025-03-07T00:02:39-08:00,0,36
meta/main.js,62,js,6b2395ed,ikrvb1,2025-03-07,00:02:39,-08:00,2025-03-07T00:02:39-08:00,0,0
meta/main.js,63,js,6b2395ed,ikrvb1,2025-03-07,00:02:39,-08:00,2025-03-07T00:02:39-08:00,0,54
meta/main.js,64,js,6b2395ed,ikrvb1,2025-03-07,00:02:39,-08:00,2025-03-07T00:02:39-08:00,0,33
meta/main.js,65,js,6b2395ed,ikrvb1,2025-03-07,00:02:39,-08:00,2025-03-07T00:02:39-08:00,0,30
meta/main.js,66,js,6b2395ed,ikrvb1,2025-03-07,00:02:39,-08:00,2025-03-07T00:02:39-08:00,0,0
meta/main.js,67,js,6b2395ed,ikrvb1,2025-03-07,00:02:39,-08:00,2025-03-07T00:02:39-08:00,0,51
meta/main.js,68,js,6b2395ed,ikrvb1,2025-03-07,00:02:39,-08:00,2025-03-07T00:02:39-08:00,0,39
meta/main.js,69,js,6b2395ed,ikrvb1,2025-03-07,00:02:39,-08:00,2025-03-07T00:02:39-08:00,0,35
meta/main.js,70,js,6b2395ed,ikrvb1,2025-03-07,00:02:39,-08:00,2025-03-07T00:02:39-08:00,0,0
meta/main.js,71,js,6b2395ed,ikrvb1,2025-03-07,00:02:39,-08:00,2025-03-07T00:02:39-08:00,0,31
meta/main.js,72,js,6b2395ed,ikrvb1,2025-03-07,00:02:39,-08:00,2025-03-07T00:02:39-08:00,0,4
meta/main.js,73,js,6b2395ed,ikrvb1,2025-03-07,00:02:39,-08:00,2025-03-07T00:02:39-08:00,0,15
meta/main.js,74,js,6b2395ed,ikrvb1,2025-03-07,00:02:39,-08:00,2025-03-07T00:02:39-08:00,0,71
meta/main.js,75,js,6b2395ed,ikrvb1,2025-03-07,00:02:39,-08:00,2025-03-07T00:02:39-08:00,0,1
meta/main.js,76,js,6b2395ed,ikrvb1,2025-03-07,00:02:39,-08:00,2025-03-07T00:02:39-08:00,0,61
meta/main.js,77,js,6b2395ed,ikrvb1,2025-03-07,00:02:39,-08:00,2025-03-07T00:02:39-08:00,0,0
meta/main.js,78,js,6b2395ed,ikrvb1,2025-03-07,00:02:39,-08:00,2025-03-07T00:02:39-08:00,0,47
meta/main.js,79,js,6b2395ed,ikrvb1,2025-03-07,00:02:39,-08:00,2025-03-07T00:02:39-08:00,0,31
meta/main.js,80,js,6b2395ed,ikrvb1,2025-03-07,00:02:39,-08:00,2025-03-07T00:02:39-08:00,0,0
meta/main.js,81,js,6b2395ed,ikrvb1,2025-03-07,00:02:39,-08:00,2025-03-07T00:02:39-08:00,0,0
meta/main.js,82,js,6b2395ed,ikrvb1,2025-03-07,00:02:39,-08:00,2025-03-07T00:02:39-08:00,0,18
meta/main.js,83,js,6b2395ed,ikrvb1,2025-03-07,00:02:39,-08:00,2025-03-07T00:02:39-08:00,0,18
meta/main.js,84,js,6b2395ed,ikrvb1,2025-03-07,00:02:39,-08:00,2025-03-07T00:02:39-08:00,0,0
meta/main.js,85,js,6b2395ed,ikrvb1,2025-03-07,00:02:39,-08:00,2025-03-07T00:02:39-08:00,0,13
meta/main.js,86,js,6b2395ed,ikrvb1,2025-03-07,00:02:39,-08:00,2025-03-07T00:02:39-08:00,0,16
meta/main.js,87,js,6b2395ed,ikrvb1,2025-03-07,00:02:39,-08:00,2025-03-07T00:02:39-08:00,0,13
meta/main.js,88,js,6b2395ed,ikrvb1,2025-03-07,00:02:39,-08:00,2025-03-07T00:02:39-08:00,0,41
meta/main.js,89,js,6b2395ed,ikrvb1,2025-03-07,00:02:39,-08:00,2025-03-07T00:02:39-08:00,0,29
meta/main.js,90,js,6b2395ed,ikrvb1,2025-03-07,00:02:39,-08:00,2025-03-07T00:02:39-08:00,0,0
meta/main.js,91,js,6b2395ed,ikrvb1,2025-03-07,00:02:39,-08:00,2025-03-07T00:02:39-08:00,0,54
meta/main.js,92,js,6b2395ed,ikrvb1,2025-03-07,00:02:39,-08:00,2025-03-07T00:02:39-08:00,0,66
meta/main.js,93,js,6b2395ed,ikrvb1,2025-03-07,00:02:39,-08:00,2025-03-07T00:02:39-08:00,0,0
meta/main.js,94,js,6b2395ed,ikrvb1,2025-03-07,00:02:39,-08:00,2025-03-07T00:02:39-08:00,0,24
meta/main.js,95,js,e11faf73,ikrvb1,2025-03-07,13:06:29,-08:00,2025-03-07T13:06:29-08:00,0,32
meta/main.js,96,js,e11faf73,ikrvb1,2025-03-07,13:06:29,-08:00,2025-03-07T13:06:29-08:00,0,62
meta/main.js,97,js,6b2395ed,ikrvb1,2025-03-07,00:02:39,-08:00,2025-03-07T00:02:39-08:00,0,0
meta/main.js,98,js,6b2395ed,ikrvb1,2025-03-07,00:02:39,-08:00,2025-03-07T00:02:39-08:00,0,0
meta/main.js,99,js,e11faf73,ikrvb1,2025-03-07,13:06:29,-08:00,2025-03-07T13:06:29-08:00,0,29
meta/main.js,100,js,e11faf73,ikrvb1,2025-03-07,13:06:29,-08:00,2025-03-07T13:06:29-08:00,0,59
meta/main.js,101,js,e11faf73,ikrvb1,2025-03-07,13:06:29,-08:00,2025-03-07T13:06:29-08:00,0,19
meta/main.js,102,js,e11faf73,ikrvb1,2025-03-07,13:06:29,-08:00,2025-03-07T13:06:29-08:00,0,15
meta/main.js,103,js,e11faf73,ikrvb1,2025-03-07,13:06:29,-08:00,2025-03-07T13:06:29-08:00,0,27
meta/main.js,104,js,e11faf73,ikrvb1,2025-03-07,13:06:29,-08:00,2025-03-07T13:06:29-08:00,0,30
meta/main.js,105,js,e11faf73,ikrvb1,2025-03-07,13:06:29,-08:00,2025-03-07T13:06:29-08:00,0,17
meta/main.js,106,js,e11faf73,ikrvb1,2025-03-07,13:06:29,-08:00,2025-03-07T13:06:29-08:00,0,41
meta/main.js,107,js,e11faf73,ikrvb1,2025-03-07,13:06:29,-08:00,2025-03-07T13:06:29-08:00,0,43
meta/main.js,108,js,e11faf73,ikrvb1,2025-03-07,13:06:29,-08:00,2025-03-07T13:06:29-08:00,0,1
meta/main.js,109,js,6b2395ed,ikrvb1,2025-03-07,00:02:39,-08:00,2025-03-07T00:02:39-08:00,0,0
meta/main.js,110,js,e11faf73,ikrvb1,2025-03-07,13:06:29,-08:00,2025-03-07T13:06:29-08:00,0,49
meta/main.js,111,js,e11faf73,ikrvb1,2025-03-07,13:06:29,-08:00,2025-03-07T13:06:29-08:00,0,49
meta/main.js,112,js,6b2395ed,ikrvb1,2025-03-07,00:02:39,-08:00,2025-03-07T00:02:39-08:00,0,0
meta/main.js,113,js,e11faf73,ikrvb1,2025-03-07,13:06:29,-08:00,2025-03-07T13:06:29-08:00,0,32
meta/main.js,114,js,e11faf73,ikrvb1,2025-03-07,13:06:29,-08:00,2025-03-07T13:06:29-08:00,0,26
meta/main.js,115,js,e11faf73,ikrvb1,2025-03-07,13:06:29,-08:00,2025-03-07T13:06:29-08:00,0,54
meta/main.js,116,js,25d00637,ikrvb1,2025-03-07,00:24:43,-08:00,2025-03-07T00:24:43-08:00,0,0
meta/main.js,117,js,e11faf73,ikrvb1,2025-03-07,13:06:29,-08:00,2025-03-07T13:06:29-08:00,0,78
meta/main.js,118,js,e11faf73,ikrvb1,2025-03-07,13:06:29,-08:00,2025-03-07T13:06:29-08:00,0,26
meta/main.js,119,js,e11faf73,ikrvb1,2025-03-07,13:06:29,-08:00,2025-03-07T13:06:29-08:00,0,22
meta/main.js,120,js,e11faf73,ikrvb1,2025-03-07,13:06:29,-08:00,2025-03-07T13:06:29-08:00,0,27
meta/main.js,121,js,e11faf73,ikrvb1,2025-03-07,13:06:29,-08:00,2025-03-07T13:06:29-08:00,0,24
meta/main.js,122,js,e11faf73,ikrvb1,2025-03-07,13:06:29,-08:00,2025-03-07T13:06:29-08:00,0,0
meta/main.js,123,js,e11faf73,ikrvb1,2025-03-07,13:06:29,-08:00,2025-03-07T13:06:29-08:00,0,35
meta/main.js,124,js,e11faf73,ikrvb1,2025-03-07,13:06:29,-08:00,2025-03-07T13:06:29-08:00,0,32
meta/main.js,125,js,e11faf73,ikrvb1,2025-03-07,13:06:29,-08:00,2025-03-07T13:06:29-08:00,0,59
meta/main.js,126,js,e11faf73,ikrvb1,2025-03-07,13:06:29,-08:00,2025-03-07T13:06:29-08:00,0,0
meta/main.js,127,js,e11faf73,ikrvb1,2025-03-07,13:06:29,-08:00,2025-03-07T13:06:29-08:00,0,14
meta/main.js,128,js,e11faf73,ikrvb1,2025-03-07,13:06:29,-08:00,2025-03-07T13:06:29-08:00,0,55
meta/main.js,129,js,e11faf73,ikrvb1,2025-03-07,13:06:29,-08:00,2025-03-07T13:06:29-08:00,0,12
meta/main.js,130,js,e11faf73,ikrvb1,2025-03-07,13:06:29,-08:00,2025-03-07T13:06:29-08:00,0,0
meta/main.js,131,js,e11faf73,ikrvb1,2025-03-07,13:06:29,-08:00,2025-03-07T13:06:29-08:00,0,14
meta/main.js,132,js,e11faf73,ikrvb1,2025-03-07,13:06:29,-08:00,2025-03-07T13:06:29-08:00,0,53
meta/main.js,133,js,e11faf73,ikrvb1,2025-03-07,13:06:29,-08:00,2025-03-07T13:06:29-08:00,0,12
meta/main.js,134,js,e11faf73,ikrvb1,2025-03-07,13:06:29,-08:00,2025-03-07T13:06:29-08:00,0,0
meta/main.js,135,js,e11faf73,ikrvb1,2025-03-07,13:06:29,-08:00,2025-03-07T13:06:29-08:00,0,24
meta/main.js,136,js,e11faf73,ikrvb1,2025-03-07,13:06:29,-08:00,2025-03-07T13:06:29-08:00,0,32
meta/main.js,137,js,e11faf73,ikrvb1,2025-03-07,13:06:29,-08:00,2025-03-07T13:06:29-08:00,0,17
meta/main.js,138,js,e11faf73,ikrvb1,2025-03-07,13:06:29,-08:00,2025-03-07T13:06:29-08:00,0,22
meta/main.js,139,js,e11faf73,ikrvb1,2025-03-07,13:06:29,-08:00,2025-03-07T13:06:29-08:00,0,25
meta/main.js,140,js,25d00637,ikrvb1,2025-03-07,00:24:43,-08:00,2025-03-07T00:24:43-08:00,0,0
meta/main.js,141,js,25d00637,ikrvb1,2025-03-07,00:24:43,-08:00,2025-03-07T00:24:43-08:00,0,0
meta/main.js,142,js,e11faf73,ikrvb1,2025-03-07,13:06:29,-08:00,2025-03-07T13:06:29-08:00,0,34
meta/main.js,143,js,e11faf73,ikrvb1,2025-03-07,13:06:29,-08:00,2025-03-07T13:06:29-08:00,0,33
meta/main.js,144,js,e11faf73,ikrvb1,2025-03-07,13:06:29,-08:00,2025-03-07T13:06:29-08:00,0,64
meta/main.js,145,js,e11faf73,ikrvb1,2025-03-07,13:06:29,-08:00,2025-03-07T13:06:29-08:00,0,64
meta/main.js,146,js,e11faf73,ikrvb1,2025-03-07,13:06:29,-08:00,2025-03-07T13:06:29-08:00,0,64
meta/main.js,147,js,e11faf73,ikrvb1,2025-03-07,13:06:29,-08:00,2025-03-07T13:06:29-08:00,0,61
meta/main.js,148,js,e11faf73,ikrvb1,2025-03-07,13:06:29,-08:00,2025-03-07T13:06:29-08:00,0,0
meta/main.js,149,js,e11faf73,ikrvb1,2025-03-07,13:06:29,-08:00,2025-03-07T13:06:29-08:00,0,27
meta/main.js,150,js,e11faf73,ikrvb1,2025-03-07,13:06:29,-08:00,2025-03-07T13:06:29-08:00,0,70
meta/main.js,151,js,e11faf73,ikrvb1,2025-03-07,13:06:29,-08:00,2025-03-07T13:06:29-08:00,0,0
meta/main.js,152,js,e11faf73,ikrvb1,2025-03-07,13:06:29,-08:00,2025-03-07T13:06:29-08:00,0,0
meta/main.js,153,js,e11faf73,ikrvb1,2025-03-07,13:06:29,-08:00,2025-03-07T13:06:29-08:00,0,32
meta/main.js,154,js,e11faf73,ikrvb1,2025-03-07,13:06:29,-08:00,2025-03-07T13:06:29-08:00,0,37
meta/main.js,155,js,e11faf73,ikrvb1,2025-03-07,13:06:29,-08:00,2025-03-07T13:06:29-08:00,0,33
meta/main.js,156,js,e11faf73,ikrvb1,2025-03-07,13:06:29,-08:00,2025-03-07T13:06:29-08:00,0,4
meta/main.js,157,js,52be90b6,ikrvb1,2025-03-07,00:58:17,-08:00,2025-03-07T00:58:17-08:00,0,0
meta/main.js,158,js,e11faf73,ikrvb1,2025-03-07,13:06:29,-08:00,2025-03-07T13:06:29-08:00,0,63
meta/main.js,159,js,e11faf73,ikrvb1,2025-03-07,13:06:29,-08:00,2025-03-07T13:06:29-08:00,0,29
meta/main.js,160,js,e11faf73,ikrvb1,2025-03-07,13:06:29,-08:00,2025-03-07T13:06:29-08:00,0,29
meta/main.js,161,js,e11faf73,ikrvb1,2025-03-07,13:06:29,-08:00,2025-03-07T13:06:29-08:00,0,19
meta/main.js,162,js,52be90b6,ikrvb1,2025-03-07,00:58:17,-08:00,2025-03-07T00:58:17-08:00,0,0
meta/main.js,163,js,e11faf73,ikrvb1,2025-03-07,13:06:29,-08:00,2025-03-07T13:06:29-08:00,0,22
meta/main.js,164,js,e11faf73,ikrvb1,2025-03-07,13:06:29,-08:00,2025-03-07T13:06:29-08:00,0,0
meta/main.js,165,js,e11faf73,ikrvb1,2025-03-07,13:06:29,-08:00,2025-03-07T13:06:29-08:00,0,0
meta/main.js,166,js,e11faf73,ikrvb1,2025-03-07,13:06:29,-08:00,2025-03-07T13:06:29-08:00,0,35
meta/main.js,167,js,e11faf73,ikrvb1,2025-03-07,13:06:29,-08:00,2025-03-07T13:06:29-08:00,0,37
meta/main.js,168,js,e11faf73,ikrvb1,2025-03-07,13:06:29,-08:00,2025-03-07T13:06:29-08:00,0,33
meta/main.js,169,js,e11faf73,ikrvb1,2025-03-07,13:06:29,-08:00,2025-03-07T13:06:29-08:00,0,4
meta/main.js,170,js,e11faf73,ikrvb1,2025-03-07,13:06:29,-08:00,2025-03-07T13:06:29-08:00,0,63
meta/main.js,171,js,6b2395ed,ikrvb1,2025-03-07,00:02:39,-08:00,2025-03-07T00:02:39-08:00,0,0
meta/main.js,172,js,e11faf73,ikrvb1,2025-03-07,13:06:29,-08:00,2025-03-07T13:06:29-08:00,0,34
meta/main.js,173,js,e11faf73,ikrvb1,2025-03-07,13:06:29,-08:00,2025-03-07T13:06:29-08:00,0,24
meta/main.js,174,js,e11faf73,ikrvb1,2025-03-07,13:06:29,-08:00,2025-03-07T13:06:29-08:00,0,6
meta/main.js,175,js,e11faf73,ikrvb1,2025-03-07,13:06:29,-08:00,2025-03-07T13:06:29-08:00,0,0
meta/main.js,176,js,e11faf73,ikrvb1,2025-03-07,13:06:29,-08:00,2025-03-07T13:06:29-08:00,0,74
meta/main.js,177,js,e11faf73,ikrvb1,2025-03-07,13:06:29,-08:00,2025-03-07T13:06:29-08:00,0,53
meta/main.js,178,js,6b2395ed,ikrvb1,2025-03-07,00:02:39,-08:00,2025-03-07T00:02:39-08:00,0,0
meta/main.js,179,js,e11faf73,ikrvb1,2025-03-07,13:06:29,-08:00,2025-03-07T13:06:29-08:00,0,43
meta/main.js,180,js,e11faf73,ikrvb1,2025-03-07,13:06:29,-08:00,2025-03-07T13:06:29-08:00,0,27
meta/main.js,181,js,e11faf73,ikrvb1,2025-03-07,13:06:29,-08:00,2025-03-07T13:06:29-08:00,0,5
meta/main.js,182,js,e11faf73,ikrvb1,2025-03-07,13:06:29,-08:00,2025-03-07T13:06:29-08:00,0,15
meta/main.js,183,js,e11faf73,ikrvb1,2025-03-07,13:06:29,-08:00,2025-03-07T13:06:29-08:00,0,12
meta/main.js,184,js,e11faf73,ikrvb1,2025-03-07,13:06:29,-08:00,2025-03-07T13:06:29-08:00,0,1
meta/main.js,185,js,6b2395ed,ikrvb1,2025-03-07,00:02:39,-08:00,2025-03-07T00:02:39-08:00,0,0
meta/main.js,186,js,e11faf73,ikrvb1,2025-03-07,13:06:29,-08:00,2025-03-07T13:06:29-08:00,0,27
meta/main.js,187,js,e11faf73,ikrvb1,2025-03-07,13:06:29,-08:00,2025-03-07T13:06:29-08:00,0,24
meta/main.js,188,js,52be90b6,ikrvb1,2025-03-07,00:58:17,-08:00,2025-03-07T00:58:17-08:00,0,0
meta/main.js,189,js,e11faf73,ikrvb1,2025-03-07,13:06:29,-08:00,2025-03-07T13:06:29-08:00,0,43
meta/main.js,190,js,e11faf73,ikrvb1,2025-03-07,13:06:29,-08:00,2025-03-07T13:06:29-08:00,0,39
meta/main.js,191,js,e11faf73,ikrvb1,2025-03-07,13:06:29,-08:00,2025-03-07T13:06:29-08:00,0,47
meta/main.js,192,js,52be90b6,ikrvb1,2025-03-07,00:58:17,-08:00,2025-03-07T00:58:17-08:00,0,0
meta/main.js,193,js,e11faf73,ikrvb1,2025-03-07,13:06:29,-08:00,2025-03-07T13:06:29-08:00,0,23
meta/main.js,194,js,e11faf73,ikrvb1,2025-03-07,13:06:29,-08:00,2025-03-07T13:06:29-08:00,0,19
meta/main.js,195,js,e11faf73,ikrvb1,2025-03-07,13:06:29,-08:00,2025-03-07T13:06:29-08:00,0,37
meta/main.js,196,js,e11faf73,ikrvb1,2025-03-07,13:06:29,-08:00,2025-03-07T13:06:29-08:00,0,1
meta/main.js,197,js,e11faf73,ikrvb1,2025-03-07,13:06:29,-08:00,2025-03-07T13:06:29-08:00,0,0
meta/main.js,198,js,52be90b6,ikrvb1,2025-03-07,00:58:17,-08:00,2025-03-07T00:58:17-08:00,0,0
meta/main.js,199,js,e11faf73,ikrvb1,2025-03-07,13:06:29,-08:00,2025-03-07T13:06:29-08:00,0,16
meta/main.js,200,js,6b2395ed,ikrvb1,2025-03-07,00:02:39,-08:00,2025-03-07T00:02:39-08:00,0,0
meta/main.js,201,js,52be90b6,ikrvb1,2025-03-07,00:58:17,-08:00,2025-03-07T00:58:17-08:00,0,0
meta/main.js,202,js,e11faf73,ikrvb1,2025-03-07,13:06:29,-08:00,2025-03-07T13:06:29-08:00,0,25
meta/main.js,203,js,e11faf73,ikrvb1,2025-03-07,13:06:29,-08:00,2025-03-07T13:06:29-08:00,0,27
meta/main.js,204,js,e11faf73,ikrvb1,2025-03-07,13:06:29,-08:00,2025-03-07T13:06:29-08:00,0,22
meta/main.js,205,js,e11faf73,ikrvb1,2025-03-07,13:06:29,-08:00,2025-03-07T13:06:29-08:00,0,48
meta/main.js,206,js,e11faf73,ikrvb1,2025-03-07,13:06:29,-08:00,2025-03-07T13:06:29-08:00,0,0
meta/main.js,207,js,e11faf73,ikrvb1,2025-03-07,13:06:29,-08:00,2025-03-07T13:06:29-08:00,0,0
meta/main.js,208,js,e11faf73,ikrvb1,2025-03-07,13:06:29,-08:00,2025-03-07T13:06:29-08:00,0,15
meta/main.js,209,js,e11faf73,ikrvb1,2025-03-07,13:06:29,-08:00,2025-03-07T13:06:29-08:00,0,0
meta/main.js,210,js,e11faf73,ikrvb1,2025-03-07,13:06:29,-08:00,2025-03-07T13:06:29-08:00,0,50
meta/main.js,211,js,52be90b6,ikrvb1,2025-03-07,00:58:17,-08:00,2025-03-07T00:58:17-08:00,0,0
meta/main.js,212,js,e11faf73,ikrvb1,2025-03-07,13:06:29,-08:00,2025-03-07T13:06:29-08:00,0,60
meta/main.js,213,js,e11faf73,ikrvb1,2025-03-07,13:06:29,-08:00,2025-03-07T13:06:29-08:00,0,74
meta/main.js,214,js,e11faf73,ikrvb1,2025-03-07,13:06:29,-08:00,2025-03-07T13:06:29-08:00,0,73
meta/main.js,215,js,52be90b6,ikrvb1,2025-03-07,00:58:17,-08:00,2025-03-07T00:58:17-08:00,0,0
meta/main.js,216,js,e11faf73,ikrvb1,2025-03-07,13:06:29,-08:00,2025-03-07T13:06:29-08:00,0,23
meta/main.js,217,js,e11faf73,ikrvb1,2025-03-07,13:06:29,-08:00,2025-03-07T13:06:29-08:00,0,19
meta/main.js,218,js,e11faf73,ikrvb1,2025-03-07,13:06:29,-08:00,2025-03-07T13:06:29-08:00,0,14
meta/main.js,219,js,e11faf73,ikrvb1,2025-03-07,13:06:29,-08:00,2025-03-07T13:06:29-08:00,0,37
meta/main.js,220,js,e11faf73,ikrvb1,2025-03-07,13:06:29,-08:00,2025-03-07T13:06:29-08:00,0,37
meta/main.js,221,js,e11faf73,ikrvb1,2025-03-07,13:06:29,-08:00,2025-03-07T13:06:29-08:00,0,38
meta/main.js,222,js,e11faf73,ikrvb1,2025-03-07,13:06:29,-08:00,2025-03-07T13:06:29-08:00,0,25
meta/main.js,223,js,e11faf73,ikrvb1,2025-03-07,13:06:29,-08:00,2025-03-07T13:06:29-08:00,0,26
meta/main.js,224,js,e11faf73,ikrvb1,2025-03-07,13:06:29,-08:00,2025-03-07T13:06:29-08:00,0,37
meta/main.js,225,js,e11faf73,ikrvb1,2025-03-07,13:06:29,-08:00,2025-03-07T13:06:29-08:00,0,28
meta/main.js,226,js,e11faf73,ikrvb1,2025-03-07,13:06:29,-08:00,2025-03-07T13:06:29-08:00,0,29
meta/main.js,227,js,e11faf73,ikrvb1,2025-03-07,13:06:29,-08:00,2025-03-07T13:06:29-08:00,0,28
meta/main.js,228,js,e11faf73,ikrvb1,2025-03-07,13:06:29,-08:00,2025-03-07T13:06:29-08:00,0,1
meta/main.js,229,js,e11faf73,ikrvb1,2025-03-07,13:06:29,-08:00,2025-03-07T13:06:29-08:00,0,24
meta/main.js,230,js,e11faf73,ikrvb1,2025-03-07,13:06:29,-08:00,2025-03-07T13:06:29-08:00,0,30
meta/main.js,231,js,e11faf73,ikrvb1,2025-03-07,13:06:29,-08:00,2025-03-07T13:06:29-08:00,0,2
meta/main.js,232,js,0d7cfdd3,ikrvb1,2025-03-07,01:36:12,-08:00,2025-03-07T01:36:12-08:00,0,0
meta/main.js,233,js,0d7cfdd3,ikrvb1,2025-03-07,01:36:12,-08:00,2025-03-07T01:36:12-08:00,0,0
meta/main.js,234,js,e11faf73,ikrvb1,2025-03-07,13:06:29,-08:00,2025-03-07T13:06:29-08:00,0,38
meta/main.js,235,js,e11faf73,ikrvb1,2025-03-07,13:06:29,-08:00,2025-03-07T13:06:29-08:00,0,51
meta/main.js,236,js,e11faf73,ikrvb1,2025-03-07,13:06:29,-08:00,2025-03-07T13:06:29-08:00,0,51
meta/main.js,237,js,e11faf73,ikrvb1,2025-03-07,13:06:29,-08:00,2025-03-07T13:06:29-08:00,0,0
meta/main.js,238,js,e11faf73,ikrvb1,2025-03-07,13:06:29,-08:00,2025-03-07T13:06:29-08:00,0,22
meta/main.js,239,js,e11faf73,ikrvb1,2025-03-07,13:06:29,-08:00,2025-03-07T13:06:29-08:00,0,0
meta/main.js,240,js,e11faf73,ikrvb1,2025-03-07,13:06:29,-08:00,2025-03-07T13:06:29-08:00,0,22
meta/main.js,241,js,e11faf73,ikrvb1,2025-03-07,13:06:29,-08:00,2025-03-07T13:06:29-08:00,0,28
meta/main.js,242,js,e11faf73,ikrvb1,2025-03-07,13:06:29,-08:00,2025-03-07T13:06:29-08:00,0,0
meta/main.js,243,js,e11faf73,ikrvb1,2025-03-07,13:06:29,-08:00,2025-03-07T13:06:29-08:00,0,57
meta/main.js,244,js,e11faf73,ikrvb1,2025-03-07,13:06:29,-08:00,2025-03-07T13:06:29-08:00,0,17
meta/main.js,245,js,e11faf73,ikrvb1,2025-03-07,13:06:29,-08:00,2025-03-07T13:06:29-08:00,0,18
meta/main.js,246,js,e11faf73,ikrvb1,2025-03-07,13:06:29,-08:00,2025-03-07T13:06:29-08:00,0,2
meta/main.js,247,js,e11faf73,ikrvb1,2025-03-07,13:06:29,-08:00,2025-03-07T13:06:29-08:00,0,0
meta/main.js,248,js,e11faf73,ikrvb1,2025-03-07,13:06:29,-08:00,2025-03-07T13:06:29-08:00,0,0
meta/main.js,249,js,e11faf73,ikrvb1,2025-03-07,13:06:29,-08:00,2025-03-07T13:06:29-08:00,0,0
meta/main.js,250,js,e11faf73,ikrvb1,2025-03-07,13:06:29,-08:00,2025-03-07T13:06:29-08:00,0,44
meta/main.js,251,js,e11faf73,ikrvb1,2025-03-07,13:06:29,-08:00,2025-03-07T13:06:29-08:00,0,57
meta/main.js,252,js,e11faf73,ikrvb1,2025-03-07,13:06:29,-08:00,2025-03-07T13:06:29-08:00,0,52
meta/main.js,253,js,e11faf73,ikrvb1,2025-03-07,13:06:29,-08:00,2025-03-07T13:06:29-08:00,0,0
meta/main.js,254,js,e11faf73,ikrvb1,2025-03-07,13:06:29,-08:00,2025-03-07T13:06:29-08:00,0,0
meta/main.js,255,js,e11faf73,ikrvb1,2025-03-07,13:06:29,-08:00,2025-03-07T13:06:29-08:00,0,0
meta/main.js,256,js,e11faf73,ikrvb1,2025-03-07,13:06:29,-08:00,2025-03-07T13:06:29-08:00,0,38
meta/main.js,257,js,e11faf73,ikrvb1,2025-03-07,13:06:29,-08:00,2025-03-07T13:06:29-08:00,0,57
meta/main.js,258,js,e11faf73,ikrvb1,2025-03-07,13:06:29,-08:00,2025-03-07T13:06:29-08:00,0,44
meta/main.js,259,js,e11faf73,ikrvb1,2025-03-07,13:06:29,-08:00,2025-03-07T13:06:29-08:00,0,43
meta/main.js,260,js,e11faf73,ikrvb1,2025-03-07,13:06:29,-08:00,2025-03-07T13:06:29-08:00,0,0
meta/index.html,1,html,fb931d1f,ikrvb1,2025-03-06,23:26:22,-08:00,2025-03-06T23:26:22-08:00,0,14
meta/index.html,2,html,fb931d1f,ikrvb1,2025-03-06,23:26:22,-08:00,2025-03-06T23:26:22-08:00,0,15
meta/index.html,3,html,fb931d1f,ikrvb1,2025-03-06,23:26:22,-08:00,2025-03-06T23:26:22-08:00,0,5
meta/index.html,4,html,fb931d1f,ikrvb1,2025-03-06,23:26:22,-08:00,2025-03-06T23:26:22-08:00,0,21
meta/index.html,5,html,fb931d1f,ikrvb1,2025-03-06,23:26:22,-08:00,2025-03-06T23:26:22-08:00,0,69
meta/index.html,6,html,fb931d1f,ikrvb1,2025-03-06,23:26:22,-08:00,2025-03-06T23:26:22-08:00,0,18
meta/index.html,7,html,fb931d1f,ikrvb1,2025-03-06,23:26:22,-08:00,2025-03-06T23:26:22-08:00,0,42
meta/index.html,8,html,fb931d1f,ikrvb1,2025-03-06,23:26:22,-08:00,2025-03-06T23:26:22-08:00,0,49
meta/index.html,9,html,6b2395ed,ikrvb1,2025-03-07,00:02:39,-08:00,2025-03-07T00:02:39-08:00,0,44
meta/index.html,10,html,6b2395ed,ikrvb1,2025-03-07,00:02:39,-08:00,2025-03-07T00:02:39-08:00,0,52
meta/index.html,11,html,fb931d1f,ikrvb1,2025-03-06,23:26:22,-08:00,2025-03-06T23:26:22-08:00,0,6
meta/index.html,12,html,fb931d1f,ikrvb1,2025-03-06,23:26:22,-08:00,2025-03-06T23:26:22-08:00,0,5
meta/index.html,13,html,6b2395ed,ikrvb1,2025-03-07,00:02:39,-08:00,2025-03-07T00:02:39-08:00,0,22
meta/index.html,14,html,6b2395ed,ikrvb1,2025-03-07,00:02:39,-08:00,2025-03-07T00:02:39-08:00,0,3
meta/index.html,15,html,6b2395ed,ikrvb1,2025-03-07,00:02:39,-08:00,2025-03-07T00:02:39-08:00,0,4
meta/index.html,16,html,6b2395ed,ikrvb1,2025-03-07,00:02:39,-08:00,2025-03-07T00:02:39-08:00,0,21
meta/index.html,17,html,6b2395ed,ikrvb1,2025-03-07,00:02:39,-08:00,2025-03-07T00:02:39-08:00,0,3
meta/index.html,18,html,6b2395ed,ikrvb1,2025-03-07,00:02:39,-08:00,2025-03-07T00:02:39-08:00,0,21
meta/index.html,19,html,6b2395ed,ikrvb1,2025-03-07,00:02:39,-08:00,2025-03-07T00:02:39-08:00,0,4
meta/index.html,20,html,6b2395ed,ikrvb1,2025-03-07,00:02:39,-08:00,2025-03-07T00:02:39-08:00,0,21
meta/index.html,21,html,0d7cfdd3,ikrvb1,2025-03-07,01:36:12,-08:00,2025-03-07T01:36:12-08:00,0,67
meta/index.html,22,html,25d00637,ikrvb1,2025-03-07,00:24:43,-08:00,2025-03-07T00:24:43-08:00,0,14
meta/index.html,23,html,25d00637,ikrvb1,2025-03-07,00:24:43,-08:00,2025-03-07T00:24:43-08:00,0,3
meta/index.html,24,html,25d00637,ikrvb1,2025-03-07,00:24:43,-08:00,2025-03-07T00:24:43-08:00,0,47
meta/index.html,25,html,25d00637,ikrvb1,2025-03-07,00:24:43,-08:00,2025-03-07T00:24:43-08:00,0,4
meta/index.html,26,html,25d00637,ikrvb1,2025-03-07,00:24:43,-08:00,2025-03-07T00:24:43-08:00,0,12
meta/index.html,27,html,25d00637,ikrvb1,2025-03-07,00:24:43,-08:00,2025-03-07T00:24:43-08:00,0,25
meta/index.html,28,html,0d7cfdd3,ikrvb1,2025-03-07,01:36:12,-08:00,2025-03-07T01:36:12-08:00,0,4
meta/index.html,29,html,2e2003fc,ikrvb1,2025-03-07,01:39:12,-08:00,2025-03-07T01:39:12-08:00,0,0
meta/index.html,30,html,e11faf73,ikrvb1,2025-03-07,13:06:29,-08:00,2025-03-07T13:06:29-08:00,0,46
meta/index.html,31,html,e11faf73,ikrvb1,2025-03-07,13:06:29,-08:00,2025-03-07T13:06:29-08:00,0,0
meta/index.html,32,html,e11faf73,ikrvb1,2025-03-07,13:06:29,-08:00,2025-03-07T13:06:29-08:00,0,46
meta/index.html,33,html,e11faf73,ikrvb1,2025-03-07,13:06:29,-08:00,2025-03-07T13:06:29-08:00,0,0
meta/index.html,34,html,2e2003fc,ikrvb1,2025-03-07,01:39:12,-08:00,2025-03-07T01:39:12-08:00,0,2
meta/index.html,35,html,2e2003fc,ikrvb1,2025-03-07,01:39:12,-08:00,2025-03-07T01:39:12-08:00,0,131
meta/index.html,36,html,2e2003fc,ikrvb1,2025-03-07,01:39:12,-08:00,2025-03-07T01:39:12-08:00,0,134
meta/index.html,37,html,2e2003fc,ikrvb1,2025-03-07,01:39:12,-08:00,2025-03-07T01:39:12-08:00,0,38
meta/index.html,38,html,2e2003fc,ikrvb1,2025-03-07,01:39:12,-08:00,2025-03-07T01:39:12-08:00,0,3
meta/index.html,39,html,fb931d1f,ikrvb1,2025-03-06,23:26:22,-08:00,2025-03-06T23:26:22-08:00,0,6
meta/index.html,40,html,0d7cfdd3,ikrvb1,2025-03-07,01:36:12,-08:00,2025-03-07T01:36:12-08:00,0,6
contact/index.html,1,html,a7a07fb5,ikrvb1,2025-01-11,13:59:36,-08:00,2025-01-11T13:59:36-08:00,0,14
contact/index.html,2,html,a7a07fb5,ikrvb1,2025-01-11,13:59:36,-08:00,2025-01-11T13:59:36-08:00,0,15
contact/index.html,3,html,a7a07fb5,ikrvb1,2025-01-11,13:59:36,-08:00,2025-01-11T13:59:36-08:00,0,5
contact/index.html,4,html,a7a07fb5,ikrvb1,2025-01-11,13:59:36,-08:00,2025-01-11T13:59:36-08:00,0,21
contact/index.html,5,html,a7a07fb5,ikrvb1,2025-01-11,13:59:36,-08:00,2025-01-11T13:59:36-08:00,0,69
contact/index.html,6,html,a7a07fb5,ikrvb1,2025-01-11,13:59:36,-08:00,2025-01-11T13:59:36-08:00,0,26
contact/index.html,7,html,085d1c86,ikrvb1,2025-01-25,00:50:36,-08:00,2025-01-25T00:50:36-08:00,0,42
contact/index.html,8,html,2eaf6976,ikrvb1,2025-01-25,20:10:00,-08:00,2025-01-25T20:10:00-08:00,0,49
contact/index.html,9,html,ed4fb654,ikrvb1,2025-01-11,19:09:38,-08:00,2025-01-11T19:09:38-08:00,0,6
contact/index.html,10,html,ed4fb654,ikrvb1,2025-01-11,19:09:38,-08:00,2025-01-11T19:09:38-08:00,0,5
contact/index.html,11,html,ed4fb654,ikrvb1,2025-01-11,19:09:38,-08:00,2025-01-11T19:09:38-08:00,0,20
contact/index.html,12,html,ed4fb654,ikrvb1,2025-01-11,19:09:38,-08:00,2025-01-11T19:09:38-08:00,0,76
contact/index.html,13,html,ed4fb654,ikrvb1,2025-01-11,19:09:38,-08:00,2025-01-11T19:09:38-08:00,0,6
contact/index.html,14,html,ed4fb654,ikrvb1,2025-01-11,19:09:38,-08:00,2025-01-11T19:09:38-08:00,0,5
contact/index.html,15,html,ed4fb654,ikrvb1,2025-01-11,19:09:38,-08:00,2025-01-11T19:09:38-08:00,0,32
contact/index.html,16,html,ed4fb654,ikrvb1,2025-01-11,19:09:38,-08:00,2025-01-11T19:09:38-08:00,0,7
contact/index.html,17,html,ed4fb654,ikrvb1,2025-01-11,19:09:38,-08:00,2025-01-11T19:09:38-08:00,0,6
contact/index.html,18,html,ed4fb654,ikrvb1,2025-01-11,19:09:38,-08:00,2025-01-11T19:09:38-08:00,0,7
contact/index.html,19,html,ed4fb654,ikrvb1,2025-01-11,19:09:38,-08:00,2025-01-11T19:09:38-08:00,0,21
contact/index.html,20,html,ed4fb654,ikrvb1,2025-01-11,19:09:38,-08:00,2025-01-11T19:09:38-08:00,0,7
contact/index.html,21,html,ed4fb654,ikrvb1,2025-01-11,19:09:38,-08:00,2025-01-11T19:09:38-08:00,0,6
contact/index.html,22,html,ed4fb654,ikrvb1,2025-01-11,19:09:38,-08:00,2025-01-11T19:09:38-08:00,0,4
contact/index.html,23,html,ed4fb654,ikrvb1,2025-01-11,19:09:38,-08:00,2025-01-11T19:09:38-08:00,0,32
contact/index.html,24,html,ed4fb654,ikrvb1,2025-01-11,19:09:38,-08:00,2025-01-11T19:09:38-08:00,0,7
contact/index.html,25,html,ed4fb654,ikrvb1,2025-01-11,19:09:38,-08:00,2025-01-11T19:09:38-08:00,0,22
contact/index.html,26,html,ed4fb654,ikrvb1,2025-01-11,19:09:38,-08:00,2025-01-11T19:09:38-08:00,0,6
contact/index.html,27,html,a7a07fb5,ikrvb1,2025-01-11,13:59:36,-08:00,2025-01-11T13:59:36-08:00,0,6
contact/index.html,28,html,a7a07fb5,ikrvb1,2025-01-11,13:59:36,-08:00,2025-01-11T13:59:36-08:00,0,6
